Filename,IFA,Precision_0.5,Recall,F1,MAP,AUC,G_Measure,MCC,PofB10,PofB15,PofB20,PofB25,PofB30,PofB35,PofB40,PofB45,PofB50,PofB55,PofB60,PofB65,PofB70,PofB75,PofB80,PofB85,PofB90,PofB95,PofB100,Average_Pofb,Npofb10,Npofb15,Npofb20,Npofb25,Npofb30,Npofb35,Npofb40,Npofb45,Npofb50,Npofb55,Npofb60,Npofb65,Npofb70,Npofb75,Npofb80,Npofb85,Npofb90,Npofb95,Npofb100,avgNPofB,Popt10,Popt15,Popt20,Popt25,Popt30,Popt35,Popt40,Popt45,Popt50,Popt55,Popt60,Popt65,Popt70,Popt75,Popt80,Popt85,Popt90,Popt95,Popt100,avgNpopt,
IBk_CostSensitive_iter20.csv,1,0.7142857142857143,0.2702702702702703,0.39215686274509803,0.5650478474095075,0.8793263455155177,0.4254555729477353,0.43694764798664243,0.35135135135135137,0.4594594594594595,0.4594594594594595,0.5135135135135135,0.6216216216216216,0.6486486486486487,0.7027027027027027,0.7837837837837838,0.7837837837837838,0.8108108108108109,0.8378378378378378,0.8648648648648649,0.8918918918918919,0.8918918918918919,0.9459459459459459,0.9459459459459459,0.972972972972973,0.972972972972973,1.0,0.682788051209104,0.35135135135135137,0.4594594594594595,0.4594594594594595,0.5135135135135135,0.6216216216216216,0.6486486486486487,0.7027027027027027,0.7837837837837838,0.7837837837837838,0.8108108108108109,0.8378378378378378,0.8648648648648649,0.8918918918918919,0.8918918918918919,0.9459459459459459,0.9459459459459459,0.972972972972973,0.972972972972973,1.0,0.7610241820768137,0.3513513513513513,0.45945945945945943,0.45945945945945943,0.5135135135135135,0.6216216216216216,0.6486486486486487,0.7027027027027027,0.7837837837837838,0.7837837837837838,0.8108108108108109,0.8378378378378378,0.8648648648648649,0.8918918918918919,0.8918918918918919,0.9459459459459459,0.9459459459459459,0.972972972972973,0.972972972972973,1,0.7610241820768137,
NaiveBayes_BestFirst_iter10.csv,3,0.05343511450381679,0.14285714285714285,0.07777777777777778,0.059969136269622504,0.9433961327721749,0.24903209691519915,0.0696251464446133,0.041666666666666664,0.08333333333333333,0.14583333333333334,0.1875,0.1875,0.25,0.3958333333333333,0.5416666666666666,0.625,0.6875,0.6875,0.75,0.7916666666666666,0.8333333333333334,0.8541666666666666,0.8958333333333334,0.9375,0.9791666666666666,1.0,0.45394736842105265,0.041666666666666664,0.08333333333333333,0.14583333333333334,0.1875,0.1875,0.25,0.3958333333333333,0.5416666666666666,0.625,0.6875,0.6875,0.75,0.7916666666666666,0.8333333333333334,0.8541666666666666,0.8958333333333334,0.9375,0.9791666666666666,1.0,0.5723684210526315,0.04166666666666663,0.08333333333333337,0.14583333333333337,0.1875,0.1875,0.25,0.39583333333333326,0.5416666666666666,0.625,0.6875,0.6875,0.75,0.7916666666666666,0.8333333333333334,0.8541666666666666,0.8958333333333334,0.9375,0.9791666666666666,1,0.5723684210526315,
NaiveBayes_CostSensitive_iter3.csv,1,0.011976047904191617,0.2,0.022598870056497175,0.013006427362468065,0.9401497883425596,0.33020851088006364,0.036744879717506264,0.0,0.2,0.2,0.2,0.2,0.4,0.4,0.4,0.4,0.8,0.8,0.8,0.8,0.9,0.9,1.0,1.0,1.0,1.0,0.5315789473684212,0.0,0.2,0.2,0.2,0.2,0.4,0.4,0.4,0.4,0.8,0.8,0.8,0.8,0.9,0.9,1.0,1.0,1.0,1.0,0.6,0.0,0.19999999999999996,0.19999999999999996,0.19999999999999996,0.19999999999999996,0.4,0.4,0.4,0.4,0.8,0.8,0.8,0.8,0.9,0.9,1.0,1.0,1.0,1,0.6,
IBk_SMOTE_iter26.csv,195,0.013559322033898305,0.15384615384615385,0.024922118380062305,0.011381097867054683,0.9626241505488761,0.2652684306783066,0.03500407256043547,0.15384615384615385,0.15384615384615385,0.2692307692307692,0.3076923076923077,0.46153846153846156,0.46153846153846156,0.46153846153846156,0.5,0.5769230769230769,0.5769230769230769,0.5769230769230769,0.6538461538461539,0.6923076923076923,0.6923076923076923,0.6923076923076923,0.6923076923076923,0.6923076923076923,0.8846153846153846,1.0,0.47368421052631576,0.15384615384615385,0.15384615384615385,0.2692307692307692,0.3076923076923077,0.46153846153846156,0.46153846153846156,0.46153846153846156,0.5,0.5769230769230769,0.5769230769230769,0.5769230769230769,0.6538461538461539,0.6923076923076923,0.6923076923076923,0.6923076923076923,0.6923076923076923,0.6923076923076923,0.8846153846153846,1.0,0.5526315789473685,0.15384615384615385,0.15384615384615385,0.26923076923076916,0.3076923076923077,0.46153846153846156,0.46153846153846156,0.46153846153846156,0.5,0.5769230769230769,0.5769230769230769,0.5769230769230769,0.6538461538461539,0.6923076923076923,0.6923076923076923,0.6923076923076923,0.6923076923076923,0.6923076923076923,0.8846153846153846,1,0.5526315789473685,
RandomForest_iter7.csv,0,0.7058823529411765,0.2857142857142857,0.4067796610169492,0.5012405239438059,0.9331346771837568,0.4443231441048035,0.4457947337304592,0.4146341463414634,0.4146341463414634,0.4634146341463415,0.5609756097560976,0.5609756097560976,0.5609756097560976,0.6097560975609756,0.6585365853658537,0.7560975609756098,0.8292682926829268,0.8780487804878049,0.926829268292683,0.9512195121951219,0.9512195121951219,0.975609756097561,0.975609756097561,0.975609756097561,0.975609756097561,1.0,0.7291399229781772,0.4146341463414634,0.4146341463414634,0.4634146341463415,0.5609756097560976,0.5609756097560976,0.5609756097560976,0.6097560975609756,0.6585365853658537,0.7560975609756098,0.8292682926829268,0.8780487804878049,0.926829268292683,0.9512195121951219,0.9512195121951219,0.975609756097561,0.975609756097561,0.975609756097561,0.975609756097561,1.0,0.7599486521181003,0.41463414634146334,0.41463414634146334,0.46341463414634143,0.5609756097560976,0.5609756097560976,0.5609756097560976,0.6097560975609756,0.6585365853658537,0.7560975609756098,0.8292682926829268,0.8780487804878049,0.926829268292683,0.9512195121951219,0.9512195121951219,0.975609756097561,0.975609756097561,0.975609756097561,0.975609756097561,1,0.7599486521181003,
RandomForest_BestFirst_iter21.csv,6,0.0,0.0,0.0,0.01294850085508968,0.9604396686483757,0.0,-0.001218209349822876,0.29411764705882354,0.29411764705882354,0.35294117647058826,0.47058823529411764,0.47058823529411764,0.47058823529411764,0.5294117647058824,0.5882352941176471,0.6470588235294118,0.7058823529411765,0.7647058823529411,0.9411764705882353,0.9411764705882353,0.9411764705882353,0.9411764705882353,0.9411764705882353,0.9411764705882353,1.0,1.0,0.671826625386997,0.29411764705882354,0.29411764705882354,0.35294117647058826,0.47058823529411764,0.47058823529411764,0.47058823529411764,0.5294117647058824,0.5882352941176471,0.6470588235294118,0.7058823529411765,0.7647058823529411,0.9411764705882353,0.9411764705882353,0.9411764705882353,0.9411764705882353,0.9411764705882353,0.9411764705882353,1.0,1.0,0.6965944272445821,0.2941176470588236,0.2941176470588236,0.3529411764705883,0.47058823529411764,0.47058823529411764,0.47058823529411764,0.5294117647058824,0.5882352941176471,0.6470588235294118,0.7058823529411765,0.7647058823529411,0.9411764705882353,0.9411764705882353,0.9411764705882353,0.9411764705882353,0.9411764705882353,0.9411764705882353,1.0,1,0.6965944272445821,
IBk_iter21.csv,7,0.0,0.0,0.0,0.03131397376601714,0.9922454857649274,0.0,-0.0021108813065916056,0.29411764705882354,0.35294117647058826,0.47058823529411764,0.5294117647058824,0.7058823529411765,0.7058823529411765,0.7058823529411765,0.7058823529411765,0.7647058823529411,0.9411764705882353,0.9411764705882353,0.9411764705882353,0.9411764705882353,0.9411764705882353,1.0,1.0,1.0,1.0,1.0,0.6346749226006193,0.29411764705882354,0.35294117647058826,0.47058823529411764,0.5294117647058824,0.7058823529411765,0.7058823529411765,0.7058823529411765,0.7058823529411765,0.7647058823529411,0.9411764705882353,0.9411764705882353,0.9411764705882353,0.9411764705882353,0.9411764705882353,1.0,1.0,1.0,1.0,1.0,0.7863777089783281,0.2941176470588236,0.3529411764705883,0.47058823529411764,0.5294117647058824,0.7058823529411765,0.7058823529411765,0.7058823529411765,0.7058823529411765,0.7647058823529411,0.9411764705882353,0.9411764705882353,0.9411764705882353,0.9411764705882353,0.9411764705882353,1.0,1.0,1.0,1.0,1,0.7863777089783281,
NaiveBayes_iter15.csv,43,0.011904761904761904,0.21428571428571427,0.022556390977443608,0.013065805103039242,0.9320695628997865,0.3491427748163089,0.03788707173192561,0.07142857142857142,0.14285714285714285,0.14285714285714285,0.21428571428571427,0.21428571428571427,0.2857142857142857,0.2857142857142857,0.2857142857142857,0.42857142857142855,0.42857142857142855,0.5,0.5714285714285714,0.7142857142857143,0.9285714285714286,0.9285714285714286,0.9285714285714286,0.9285714285714286,1.0,1.0,0.48496240601503765,0.07142857142857142,0.14285714285714285,0.14285714285714285,0.21428571428571427,0.21428571428571427,0.2857142857142857,0.2857142857142857,0.2857142857142857,0.42857142857142855,0.42857142857142855,0.5,0.5714285714285714,0.7142857142857143,0.9285714285714286,0.9285714285714286,0.9285714285714286,0.9285714285714286,1.0,1.0,0.5263157894736842,0.0714285714285714,0.1428571428571428,0.1428571428571428,0.2142857142857143,0.2142857142857143,0.2857142857142857,0.2857142857142857,0.2857142857142857,0.4285714285714286,0.4285714285714286,0.5,0.5714285714285714,0.7142857142857143,0.9285714285714286,0.9285714285714286,0.9285714285714286,0.9285714285714286,1.0,1,0.5263157894736842,
IBk_SMOTE_iter8.csv,0,0.08139534883720931,0.25,0.12280701754385964,0.07225578131948425,0.964067198098035,0.3968077583594302,0.12233414680546636,0.36363636363636365,0.43636363636363634,0.4909090909090909,0.5272727272727272,0.6,0.6363636363636364,0.7090909090909091,0.7818181818181819,0.7818181818181819,0.8181818181818182,0.8909090909090909,0.9090909090909091,0.9090909090909091,0.9272727272727272,0.9272727272727272,0.9272727272727272,0.9454545454545454,0.9818181818181818,1.0,0.6535885167464115,0.36363636363636365,0.43636363636363634,0.4909090909090909,0.5272727272727272,0.6,0.6363636363636364,0.7090909090909091,0.7818181818181819,0.7818181818181819,0.8181818181818182,0.8909090909090909,0.9090909090909091,0.9090909090909091,0.9272727272727272,0.9272727272727272,0.9272727272727272,0.9454545454545454,0.9818181818181818,1.0,0.7665071770334929,0.36363636363636365,0.4363636363636363,0.49090909090909096,0.5272727272727272,0.6,0.6363636363636364,0.7090909090909091,0.7818181818181819,0.7818181818181819,0.8181818181818182,0.8909090909090909,0.9090909090909091,0.9090909090909091,0.9272727272727272,0.9272727272727272,0.9272727272727272,0.9454545454545454,0.9818181818181818,1,0.7665071770334929,
IBk_CostSensitive_iter2.csv,39,0.0,0.0,0.0,0.0002950635862028267,0.9993487463366981,0.0,-0.0014543543865650045,0.1,0.1,0.1,0.2,0.3,0.3,0.6,0.6,0.7,0.8,0.8,1.0,1.0,1.0,1.0,1.0,1.0,1.0,1.0,0.42105263157894735,0.1,0.1,0.1,0.2,0.3,0.3,0.6,0.6,0.7,0.8,0.8,1.0,1.0,1.0,1.0,1.0,1.0,1.0,1.0,0.6631578947368421,0.09999999999999998,0.09999999999999998,0.09999999999999998,0.19999999999999996,0.30000000000000004,0.30000000000000004,0.6,0.6,0.7,0.8,0.8,1.0,1.0,1.0,1.0,1.0,1.0,1.0,1,0.6631578947368421,
IBk_CostSensitive_iter3.csv,0,0.6363636363636364,0.7,0.6666666666666666,0.6083233988872654,0.9986323673070661,0.823087392412828,0.6662904103139352,1.0,1.0,1.0,1.0,1.0,1.0,1.0,1.0,1.0,1.0,1.0,1.0,1.0,1.0,1.0,1.0,1.0,1.0,1.0,1.0,1.0,1.0,1.0,1.0,1.0,1.0,1.0,1.0,1.0,1.0,1.0,1.0,1.0,1.0,1.0,1.0,1.0,1.0,1.0,1.0,1.0,1.0,1.0,1.0,1.0,1.0,1.0,1.0,1.0,1.0,1.0,1.0,1.0,1.0,1.0,1.0,1.0,1.0,1,1.0,
NaiveBayes_iter28.csv,29,0.07279693486590039,0.40425531914893614,0.12337662337662338,0.06785995559284413,0.9641525796291497,0.5699390305550549,0.15944706386843605,0.13043478260869565,0.1956521739130435,0.2608695652173913,0.32608695652173914,0.3695652173913043,0.41304347826086957,0.41304347826086957,0.4782608695652174,0.5217391304347826,0.5434782608695652,0.6304347826086957,0.6304347826086957,0.6521739130434783,0.717391304347826,0.7608695652173914,0.7608695652173914,0.8695652173913043,0.9347826086956522,1.0,0.568649885583524,0.13043478260869565,0.1956521739130435,0.2608695652173913,0.32608695652173914,0.3695652173913043,0.41304347826086957,0.41304347826086957,0.4782608695652174,0.5217391304347826,0.5434782608695652,0.6304347826086957,0.6304347826086957,0.6521739130434783,0.717391304347826,0.7608695652173914,0.7608695652173914,0.8695652173913043,0.9347826086956522,1.0,0.5583524027459955,0.13043478260869568,0.19565217391304346,0.26086956521739135,0.32608695652173914,0.3695652173913043,0.4130434782608696,0.4130434782608696,0.4782608695652174,0.5217391304347826,0.5434782608695652,0.6304347826086957,0.6304347826086957,0.6521739130434783,0.717391304347826,0.7608695652173914,0.7608695652173914,0.8695652173913043,0.9347826086956522,1,0.5583524027459955,
IBk_SMOTE_iter9.csv,0,0.5,0.6730769230769231,0.5737704918032787,0.3453878360757412,0.9775954485612187,0.8018135080929917,0.5740082421686673,0.9411764705882353,0.9607843137254902,0.9607843137254902,0.9607843137254902,0.9803921568627451,0.9803921568627451,1.0,1.0,1.0,1.0,1.0,1.0,1.0,1.0,1.0,1.0,1.0,1.0,1.0,0.9907120743034056,0.9411764705882353,0.9607843137254902,0.9607843137254902,0.9607843137254902,0.9803921568627451,0.9803921568627451,1.0,1.0,1.0,1.0,1.0,1.0,1.0,1.0,1.0,1.0,1.0,1.0,1.0,0.9886480908152735,0.9411764705882353,0.9607843137254902,0.9607843137254902,0.9607843137254902,0.9803921568627451,0.9803921568627451,1.0,1.0,1.0,1.0,1.0,1.0,1.0,1.0,1.0,1.0,1.0,1.0,1,0.9886480908152735,
NaiveBayes_iter14.csv,4,0.168,0.3684210526315789,0.23076923076923078,0.1616219906938812,0.9453764312151566,0.530932488235859,0.218603923988973,0.07964601769911504,0.12389380530973451,0.168141592920354,0.22123893805309736,0.23008849557522124,0.26548672566371684,0.3185840707964602,0.36283185840707965,0.3893805309734513,0.4424778761061947,0.4690265486725664,0.5398230088495575,0.6017699115044248,0.6902654867256637,0.7699115044247787,0.7699115044247787,0.8495575221238938,0.9203539823008849,1.0,0.360729517170231,0.07964601769911504,0.12389380530973451,0.168141592920354,0.22123893805309736,0.23008849557522124,0.26548672566371684,0.3185840707964602,0.36283185840707965,0.3893805309734513,0.4424778761061947,0.4690265486725664,0.5398230088495575,0.6017699115044248,0.6902654867256637,0.7699115044247787,0.7699115044247787,0.8495575221238938,0.9203539823008849,1.0,0.4218786319968311,0.08411214953271029,0.12389380530973448,0.16814159292035402,0.22123893805309736,0.23008849557522126,0.2654867256637168,0.31858407079646023,0.36283185840707965,0.38938053097345127,0.4424778761061947,0.46902654867256643,0.5398230088495575,0.6017699115044248,0.6902654867256637,0.7699115044247787,0.7699115044247787,0.46875,0.10000000000000009,1,0.4848625989753144,
IBk_iter20.csv,1,0.7777777777777778,0.1891891891891892,0.30434782608695654,0.6328689152305753,0.9961227290066558,0.318160483538799,0.3816195470019164,0.35135135135135137,0.4594594594594595,0.4594594594594595,0.5135135135135135,0.6216216216216216,0.6486486486486487,0.7027027027027027,0.7837837837837838,0.7837837837837838,0.8108108108108109,0.8378378378378378,0.8648648648648649,0.8918918918918919,0.8918918918918919,0.9459459459459459,0.9459459459459459,0.972972972972973,0.972972972972973,1.0,0.682788051209104,0.35135135135135137,0.4594594594594595,0.4594594594594595,0.5135135135135135,0.6216216216216216,0.6486486486486487,0.7027027027027027,0.7837837837837838,0.7837837837837838,0.8108108108108109,0.8378378378378378,0.8648648648648649,0.8918918918918919,0.8918918918918919,0.9459459459459459,0.9459459459459459,0.972972972972973,0.972972972972973,1.0,0.7610241820768137,0.3513513513513513,0.45945945945945943,0.45945945945945943,0.5135135135135135,0.6216216216216216,0.6486486486486487,0.7027027027027027,0.7837837837837838,0.7837837837837838,0.8108108108108109,0.8378378378378378,0.8648648648648649,0.8918918918918919,0.8918918918918919,0.9459459459459459,0.9459459459459459,0.972972972972973,0.972972972972973,1,0.7610241820768137,
RandomForest_BestFirst_iter20.csv,0,0.75,0.08108108108108109,0.14634146341463414,0.5148833654268437,0.9669093993930731,0.14999762962026517,0.2451072976205912,0.2972972972972973,0.32432432432432434,0.3783783783783784,0.40540540540540543,0.4594594594594595,0.5405405405405406,0.6486486486486487,0.7837837837837838,0.7837837837837838,0.8108108108108109,0.8378378378378378,0.8378378378378378,0.8378378378378378,0.8378378378378378,0.8648648648648649,0.9459459459459459,0.9459459459459459,1.0,1.0,0.712660028449502,0.2972972972972973,0.32432432432432434,0.3783783783783784,0.40540540540540543,0.4594594594594595,0.5405405405405406,0.6486486486486487,0.7837837837837838,0.7837837837837838,0.8108108108108109,0.8378378378378378,0.8378378378378378,0.8378378378378378,0.8378378378378378,0.8648648648648649,0.9459459459459459,0.9459459459459459,1.0,1.0,0.712660028449502,0.29729729729729737,0.32432432432432434,0.3783783783783784,0.4054054054054055,0.45945945945945943,0.5405405405405406,0.6486486486486487,0.7837837837837838,0.7837837837837838,0.8108108108108109,0.8378378378378378,0.8378378378378378,0.8378378378378378,0.8378378378378378,0.8648648648648649,0.9459459459459459,0.9459459459459459,1.0,1,0.712660028449502,
RandomForest_iter6.csv,2,0.2972972972972973,0.25,0.2716049382716049,0.20555031884617544,0.9601859659518222,0.39947583287132704,0.26528442318750634,0.5681818181818182,0.6363636363636364,0.7727272727272727,0.8181818181818182,0.8409090909090909,0.8636363636363636,0.8863636363636364,0.8863636363636364,0.8863636363636364,0.8863636363636364,0.8863636363636364,0.9545454545454546,0.9772727272727273,0.9772727272727273,1.0,1.0,1.0,1.0,1.0,0.8313397129186603,0.5681818181818182,0.6363636363636364,0.7727272727272727,0.8181818181818182,0.8409090909090909,0.8636363636363636,0.8863636363636364,0.8863636363636364,0.8863636363636364,0.8863636363636364,0.8863636363636364,0.9545454545454546,0.9772727272727273,0.9772727272727273,1.0,1.0,1.0,1.0,1.0,0.8863636363636365,0.5681818181818182,0.6363636363636364,0.7727272727272727,0.8181818181818182,0.8409090909090909,0.8636363636363636,0.8863636363636364,0.8863636363636364,0.8863636363636364,0.8863636363636364,0.8863636363636364,0.9545454545454546,0.9772727272727273,0.9772727272727273,1.0,1.0,1.0,1.0,1,0.8863636363636365,
IBk_SMOTE_iter27.csv,46,0.11764705882352941,0.18181818181818182,0.14285714285714285,0.06516937748761334,0.8602393458673476,0.3072758647914012,0.13947398298943464,0.23255813953488372,0.2558139534883721,0.27906976744186046,0.3023255813953488,0.32558139534883723,0.4418604651162791,0.46511627906976744,0.4883720930232558,0.5348837209302325,0.5813953488372093,0.6976744186046512,0.7674418604651163,0.7906976744186046,0.9069767441860465,0.9302325581395349,0.9302325581395349,0.9534883720930233,1.0,1.0,0.5556915544675642,0.23255813953488372,0.2558139534883721,0.27906976744186046,0.3023255813953488,0.32558139534883723,0.4418604651162791,0.46511627906976744,0.4883720930232558,0.5348837209302325,0.5813953488372093,0.6976744186046512,0.7674418604651163,0.7906976744186046,0.9069767441860465,0.9302325581395349,0.9302325581395349,0.9534883720930233,1.0,1.0,0.6254589963280294,0.2325581395348837,0.2558139534883721,0.2790697674418605,0.3023255813953488,0.32558139534883723,0.4418604651162791,0.4651162790697674,0.4883720930232558,0.5348837209302325,0.5813953488372093,0.6976744186046512,0.7674418604651163,0.7906976744186046,0.9069767441860465,0.9302325581395349,0.9302325581395349,0.9534883720930233,1.0,1,0.6254589963280294,
NaiveBayes_CostSensitive_iter2.csv,2,0.0125,0.2,0.023529411764705882,0.012195268228445744,0.9415174210354935,0.33034701746427764,0.03807935669619723,0.0,0.2,0.2,0.2,0.2,0.2,0.2,0.2,0.2,0.4,0.8,0.8,0.8,0.9,0.9,0.9,0.9,1.0,1.0,0.4947368421052632,0.0,0.2,0.2,0.2,0.2,0.2,0.2,0.2,0.2,0.4,0.8,0.8,0.8,0.9,0.9,0.9,0.9,1.0,1.0,0.5263157894736842,0.0,0.19999999999999996,0.19999999999999996,0.19999999999999996,0.19999999999999996,0.19999999999999996,0.19999999999999996,0.19999999999999996,0.19999999999999996,0.4,0.8,0.8,0.8,0.9,0.9,0.9,0.9,1.0,1,0.5263157894736842,
NaiveBayes_BestFirst_iter11.csv,13,0.05649717514124294,0.20408163265306123,0.08849557522123894,0.05288810351632429,0.9358353091418476,0.3365748657869437,0.08743439474399624,0.10416666666666667,0.14583333333333334,0.14583333333333334,0.16666666666666666,0.20833333333333334,0.22916666666666666,0.3125,0.3333333333333333,0.4375,0.5208333333333334,0.6875,0.75,0.7708333333333334,0.8125,0.875,0.9166666666666666,0.9583333333333334,0.9791666666666666,1.0,0.4276315789473684,0.10416666666666667,0.14583333333333334,0.14583333333333334,0.16666666666666666,0.20833333333333334,0.22916666666666666,0.3125,0.3333333333333333,0.4375,0.5208333333333334,0.6875,0.75,0.7708333333333334,0.8125,0.875,0.9166666666666666,0.9583333333333334,0.9791666666666666,1.0,0.5449561403508771,0.10416666666666663,0.14583333333333337,0.14583333333333337,0.16666666666666663,0.20833333333333337,0.22916666666666663,0.3125,0.33333333333333326,0.4375,0.5208333333333334,0.6875,0.75,0.7708333333333334,0.8125,0.875,0.9166666666666666,0.9583333333333334,0.9791666666666666,1,0.5449561403508771,
IBk_CostSensitive_iter21.csv,7,0.09090909090909091,0.058823529411764705,0.07142857142857142,0.056765722973747205,0.8402077717464889,0.11109816894190003,0.07048170778032666,0.29411764705882354,0.35294117647058826,0.47058823529411764,0.5294117647058824,0.7058823529411765,0.7058823529411765,0.7058823529411765,0.7058823529411765,0.7647058823529411,0.9411764705882353,0.9411764705882353,0.9411764705882353,0.9411764705882353,0.9411764705882353,1.0,1.0,1.0,1.0,1.0,0.6346749226006193,0.29411764705882354,0.35294117647058826,0.47058823529411764,0.5294117647058824,0.7058823529411765,0.7058823529411765,0.7058823529411765,0.7058823529411765,0.7647058823529411,0.9411764705882353,0.9411764705882353,0.9411764705882353,0.9411764705882353,0.9411764705882353,1.0,1.0,1.0,1.0,1.0,0.7863777089783281,0.2941176470588236,0.3529411764705883,0.47058823529411764,0.5294117647058824,0.7058823529411765,0.7058823529411765,0.7058823529411765,0.7058823529411765,0.7647058823529411,0.9411764705882353,0.9411764705882353,0.9411764705882353,0.9411764705882353,0.9411764705882353,1.0,1.0,1.0,1.0,1,0.7863777089783281,
IBk_CostSensitive_iter23.csv,1443,0.0,0.0,0.0,0.00011468077786333328,0.9801515698303861,0.0,-0.0029900074014165296,0.14285714285714285,0.42857142857142855,0.42857142857142855,0.42857142857142855,0.5714285714285714,0.5714285714285714,0.5714285714285714,0.5714285714285714,0.5714285714285714,0.5714285714285714,0.5714285714285714,0.7142857142857143,0.8571428571428571,0.8571428571428571,1.0,1.0,1.0,1.0,1.0,0.7593984962406014,0.14285714285714285,0.42857142857142855,0.42857142857142855,0.42857142857142855,0.5714285714285714,0.5714285714285714,0.5714285714285714,0.5714285714285714,0.5714285714285714,0.5714285714285714,0.5714285714285714,0.7142857142857143,0.8571428571428571,0.8571428571428571,1.0,1.0,1.0,1.0,1.0,0.6766917293233081,0.1428571428571428,0.4285714285714286,0.4285714285714286,0.4285714285714286,0.5714285714285714,0.5714285714285714,0.5714285714285714,0.5714285714285714,0.5714285714285714,0.5714285714285714,0.5714285714285714,0.7142857142857143,0.8571428571428571,0.8571428571428571,1.0,1.0,1.0,1.0,1,0.6766917293233081,
NaiveBayes_BestFirst_iter13.csv,9,0.08064516129032258,0.2542372881355932,0.12244897959183673,0.07690708025474567,0.9334301621883324,0.40188765413304917,0.12176132677712231,0.15517241379310345,0.1896551724137931,0.20689655172413793,0.25862068965517243,0.25862068965517243,0.29310344827586204,0.3275862068965517,0.3448275862068966,0.4482758620689655,0.5689655172413793,0.6379310344827587,0.6724137931034483,0.7068965517241379,0.7586206896551724,0.8448275862068966,0.8793103448275862,0.9310344827586207,0.9482758620689655,1.0,0.4718215684401566,0.15517241379310345,0.1896551724137931,0.20689655172413793,0.25862068965517243,0.25862068965517243,0.29310344827586204,0.3275862068965517,0.3448275862068966,0.4482758620689655,0.5689655172413793,0.6379310344827587,0.6724137931034483,0.7068965517241379,0.7586206896551724,0.8448275862068966,0.8793103448275862,0.9310344827586207,0.9482758620689655,1.0,0.5475690132772948,0.15517241379310343,0.18965517241379315,0.2068965517241379,0.2586206896551724,0.2586206896551724,0.2931034482758621,0.3275862068965517,0.3448275862068966,0.4482758620689655,0.5689655172413793,0.6379310344827587,0.6724137931034483,0.7068965517241379,0.7586206896551724,0.8448275862068966,0.8793103448275862,0.9310344827586207,0.9210526315789473,1,0.5490018148820327,
IBk_SMOTE_iter19.csv,7,0.11864406779661017,0.3684210526315789,0.1794871794871795,0.07592353274753999,0.9124087591240875,0.5368298368298368,0.2036127091588293,0.3684210526315789,0.5789473684210527,0.6842105263157895,0.6842105263157895,0.7368421052631579,0.7894736842105263,0.7894736842105263,0.7894736842105263,0.8421052631578947,0.9473684210526315,0.9473684210526315,0.9473684210526315,0.9473684210526315,0.9473684210526315,0.9473684210526315,0.9473684210526315,0.9473684210526315,1.0,1.0,0.7451523545706371,0.3684210526315789,0.5789473684210527,0.6842105263157895,0.6842105263157895,0.7368421052631579,0.7894736842105263,0.7894736842105263,0.7894736842105263,0.8421052631578947,0.9473684210526315,0.9473684210526315,0.9473684210526315,0.9473684210526315,0.9473684210526315,0.9473684210526315,0.9473684210526315,0.9473684210526315,1.0,1.0,0.8337950138504157,0.368421052631579,0.5789473684210527,0.6842105263157895,0.6842105263157895,0.7368421052631579,0.7894736842105263,0.7894736842105263,0.7894736842105263,0.8421052631578947,0.9473684210526315,0.9473684210526315,0.9473684210526315,0.9473684210526315,0.9473684210526315,0.9473684210526315,0.9473684210526315,0.9473684210526315,1.0,1,0.8337950138504157,
IBk_SMOTE_iter25.csv,10,0.03571428571428571,0.05263157894736842,0.0425531914893617,0.02957673011998716,0.9253006273963055,0.09997191215787446,0.038788706219075895,0.15789473684210525,0.3157894736842105,0.5789473684210527,0.631578947368421,0.631578947368421,0.631578947368421,0.631578947368421,0.631578947368421,0.631578947368421,0.6842105263157895,0.7368421052631579,0.7894736842105263,0.8421052631578947,0.8421052631578947,0.8421052631578947,0.8421052631578947,0.9473684210526315,0.9473684210526315,1.0,0.7174515235457065,0.15789473684210525,0.3157894736842105,0.5789473684210527,0.631578947368421,0.631578947368421,0.631578947368421,0.631578947368421,0.631578947368421,0.631578947368421,0.6842105263157895,0.7368421052631579,0.7894736842105263,0.8421052631578947,0.8421052631578947,0.8421052631578947,0.8421052631578947,0.9473684210526315,0.9473684210526315,1.0,0.7008310249307478,0.1578947368421053,0.3157894736842105,0.5789473684210527,0.631578947368421,0.631578947368421,0.631578947368421,0.631578947368421,0.631578947368421,0.631578947368421,0.6842105263157895,0.7368421052631579,0.7894736842105263,0.8421052631578947,0.8421052631578947,0.8421052631578947,0.8421052631578947,0.9473684210526315,0.9473684210526315,1,0.7008310249307478,
RandomForest_SMOTE_iter9.csv,0,0.5409836065573771,0.6346153846153846,0.584070796460177,0.4833396476898288,0.964072785405304,0.7743981698123017,0.5802501569384014,0.8823529411764706,0.9215686274509803,0.9411764705882353,0.9411764705882353,0.9803921568627451,0.9803921568627451,1.0,1.0,1.0,1.0,1.0,1.0,1.0,1.0,1.0,1.0,1.0,1.0,1.0,0.9494324045407637,0.8823529411764706,0.9215686274509803,0.9411764705882353,0.9411764705882353,0.9803921568627451,0.9803921568627451,1.0,1.0,1.0,1.0,1.0,1.0,1.0,1.0,1.0,1.0,1.0,1.0,1.0,0.9814241486068113,0.8823529411764706,0.9215686274509803,0.9411764705882353,0.9411764705882353,0.9803921568627451,0.9803921568627451,1.0,1.0,1.0,1.0,1.0,1.0,1.0,1.0,1.0,1.0,1.0,1.0,1,0.9814241486068113,
RandomForest_iter4.csv,0,1.0,0.23529411764705882,0.38095238095238093,0.4025300522081638,0.9818544366899302,0.38095238095238093,0.4841025224369373,0.8235294117647058,0.8235294117647058,0.8235294117647058,0.8235294117647058,0.9411764705882353,0.9411764705882353,0.9411764705882353,0.9411764705882353,0.9411764705882353,0.9411764705882353,0.9411764705882353,0.9411764705882353,0.9411764705882353,1.0,1.0,1.0,1.0,1.0,1.0,0.931888544891641,0.8235294117647058,0.8235294117647058,0.8235294117647058,0.8235294117647058,0.9411764705882353,0.9411764705882353,0.9411764705882353,0.9411764705882353,0.9411764705882353,0.9411764705882353,0.9411764705882353,0.9411764705882353,0.9411764705882353,1.0,1.0,1.0,1.0,1.0,1.0,0.934984520123839,0.8235294117647058,0.8235294117647058,0.8235294117647058,0.8235294117647058,0.9411764705882353,0.9411764705882353,0.9411764705882353,0.9411764705882353,0.9411764705882353,0.9411764705882353,0.9411764705882353,0.9411764705882353,0.9411764705882353,1.0,1.0,1.0,1.0,1.0,1,0.934984520123839,
NaiveBayes_iter8.csv,20,0.05194805194805195,0.2857142857142857,0.08791208791208792,0.05016542525642232,0.9171474022795606,0.4369709185142528,0.09431138798752224,0.12727272727272726,0.2,0.2,0.23636363636363636,0.2545454545454545,0.2727272727272727,0.2909090909090909,0.32727272727272727,0.36363636363636365,0.43636363636363634,0.4909090909090909,0.6,0.6181818181818182,0.6727272727272727,0.7636363636363637,0.8909090909090909,0.9272727272727272,0.9818181818181818,1.0,0.43540669856459335,0.12727272727272726,0.2,0.2,0.23636363636363636,0.2545454545454545,0.2727272727272727,0.2909090909090909,0.32727272727272727,0.36363636363636365,0.43636363636363634,0.4909090909090909,0.6,0.6181818181818182,0.6727272727272727,0.7636363636363637,0.8909090909090909,0.9272727272727272,0.9818181818181818,1.0,0.508133971291866,0.1272727272727272,0.19999999999999996,0.19999999999999996,0.23636363636363633,0.2545454545454545,0.2727272727272727,0.2909090909090909,0.32727272727272727,0.36363636363636365,0.4363636363636363,0.49090909090909096,0.6,0.6181818181818182,0.6727272727272727,0.7636363636363637,0.8909090909090909,0.9272727272727272,0.9818181818181818,1,0.508133971291866,
IBk_iter22.csv,1490,0.0,0.0,0.0,7.285841787945574e-05,0.9887708040906357,0.0,-0.0010613785701803088,0.25,0.25,0.25,0.25,0.25,0.25,0.25,0.25,0.25,0.25,0.25,0.25,0.25,0.5,0.75,0.75,0.75,0.75,1.0,0.631578947368421,0.25,0.25,0.25,0.25,0.25,0.25,0.25,0.25,0.25,0.25,0.25,0.25,0.25,0.5,0.75,0.75,0.75,0.75,1.0,0.40789473684210525,0.25,0.25,0.25,0.25,0.25,0.25,0.25,0.25,0.25,0.25,0.25,0.25,0.25,0.5,0.75,0.75,0.75,0.75,1,0.40789473684210525,
RandomForest_BestFirst_iter22.csv,325,0.0,0.0,0.0,7.285841787945574e-05,0.9402947663926208,0.0,-0.0005670463475515726,0.0,0.0,0.0,0.0,0.0,0.25,0.5,0.5,0.5,0.5,0.5,0.5,0.5,0.5,0.5,0.75,0.75,0.75,1.0,0.4605263157894737,0.0,0.0,0.0,0.0,0.0,0.25,0.5,0.5,0.5,0.5,0.5,0.5,0.5,0.5,0.5,0.75,0.75,0.75,1.0,0.42105263157894735,0.0,0.0,0.0,0.0,0.0,0.25,0.5,0.5,0.5,0.5,0.5,0.5,0.5,0.5,0.5,0.75,0.75,0.75,1,0.42105263157894735,
NaiveBayes_iter16.csv,39,0.03292181069958848,0.38095238095238093,0.06060606060606061,0.03176008297109595,0.943663379530916,0.5430382608841287,0.09846123970929388,0.0,0.047619047619047616,0.14285714285714285,0.2857142857142857,0.3333333333333333,0.38095238095238093,0.38095238095238093,0.47619047619047616,0.5238095238095238,0.6190476190476191,0.6666666666666666,0.7619047619047619,0.8095238095238095,0.9047619047619048,0.9523809523809523,1.0,1.0,1.0,1.0,0.5764411027568922,0.0,0.047619047619047616,0.14285714285714285,0.2857142857142857,0.3333333333333333,0.38095238095238093,0.38095238095238093,0.47619047619047616,0.5238095238095238,0.6190476190476191,0.6666666666666666,0.7619047619047619,0.8095238095238095,0.9047619047619048,0.9523809523809523,1.0,1.0,1.0,1.0,0.593984962406015,0.0,0.04761904761904767,0.1428571428571428,0.2857142857142857,0.33333333333333326,0.38095238095238093,0.38095238095238093,0.47619047619047616,0.5238095238095238,0.6190476190476191,0.6666666666666666,0.7619047619047619,0.8095238095238095,0.9047619047619048,0.9523809523809523,1.0,1.0,1.0,1,0.593984962406015,
RandomForest_BestFirst_iter9.csv,0,0.8823529411764706,0.28846153846153844,0.43478260869565216,0.6549482792985505,0.9314698138047772,0.44771215583770796,0.5015081176007121,0.7058823529411765,0.7450980392156863,0.7450980392156863,0.8431372549019608,0.8823529411764706,0.9607843137254902,0.9803921568627451,0.9803921568627451,0.9803921568627451,0.9803921568627451,0.9803921568627451,0.9803921568627451,0.9803921568627451,1.0,1.0,1.0,1.0,1.0,1.0,0.8121775025799793,0.7058823529411765,0.7450980392156863,0.7450980392156863,0.8431372549019608,0.8823529411764706,0.9607843137254902,0.9803921568627451,0.9803921568627451,0.9803921568627451,0.9803921568627451,0.9803921568627451,0.9803921568627451,0.9803921568627451,1.0,1.0,1.0,1.0,1.0,1.0,0.933952528379773,0.7058823529411765,0.7450980392156863,0.7450980392156863,0.8431372549019608,0.8823529411764706,0.9607843137254902,0.9803921568627451,0.9803921568627451,0.9803921568627451,0.9803921568627451,0.9803921568627451,0.9803921568627451,0.9803921568627451,1.0,1.0,1.0,1.0,1.0,1,0.933952528379773,
IBk_CostSensitive_iter1.csv,115,0,0.0,0.0,2.966038855109002e-05,1.0,0.0,0,1.0,1.0,1.0,1.0,1.0,1.0,1.0,1.0,1.0,1.0,1.0,1.0,1.0,1.0,1.0,1.0,1.0,1.0,1.0,1.0,1.0,1.0,1.0,1.0,1.0,1.0,1.0,1.0,1.0,1.0,1.0,1.0,1.0,1.0,1.0,1.0,1.0,1.0,1.0,1.0,1.0,1.0,1.0,1.0,1.0,1.0,1.0,1.0,1.0,1.0,1.0,1.0,1.0,1.0,1.0,1.0,1.0,1.0,1,1.0,
RandomForest_BestFirst_iter8.csv,0,0.8,0.07142857142857142,0.13114754098360656,0.4685051032016524,0.8164682539682541,0.13333115738625237,0.2367537155273287,0.43636363636363634,0.509090909090909,0.5272727272727272,0.5636363636363636,0.6,0.6,0.6,0.6545454545454545,0.6909090909090909,0.7272727272727273,0.7272727272727273,0.8,0.8363636363636363,0.8363636363636363,0.8545454545454545,0.9090909090909091,0.9818181818181818,1.0,1.0,0.6449760765550239,0.43636363636363634,0.509090909090909,0.5272727272727272,0.5636363636363636,0.6,0.6,0.6,0.6545454545454545,0.6909090909090909,0.7272727272727273,0.7272727272727273,0.8,0.8363636363636363,0.8363636363636363,0.8545454545454545,0.9090909090909091,0.9818181818181818,1.0,1.0,0.7291866028708135,0.4363636363636363,0.509090909090909,0.5272727272727272,0.5636363636363636,0.6,0.6,0.6,0.6545454545454545,0.6909090909090909,0.7272727272727273,0.7272727272727273,0.8,0.8363636363636363,0.8363636363636363,0.8545454545454545,0.9090909090909091,0.9818181818181818,1.0,1,0.7291866028708135,
NaiveBayes_iter17.csv,21,0.06437768240343347,0.45454545454545453,0.11278195488721804,0.05998197185698198,0.9505556028006923,0.6146808446181344,0.15555800235692793,0.09090909090909091,0.12121212121212122,0.21212121212121213,0.3333333333333333,0.42424242424242425,0.42424242424242425,0.45454545454545453,0.45454545454545453,0.5454545454545454,0.6363636363636364,0.6666666666666666,0.7575757575757576,0.7878787878787878,0.8787878787878788,0.8787878787878788,0.9393939393939394,0.9393939393939394,1.0,1.0,0.5901116427432216,0.09090909090909091,0.12121212121212122,0.21212121212121213,0.3333333333333333,0.42424242424242425,0.42424242424242425,0.45454545454545453,0.45454545454545453,0.5454545454545454,0.6363636363636364,0.6666666666666666,0.7575757575757576,0.7878787878787878,0.8787878787878788,0.8787878787878788,0.9393939393939394,0.9393939393939394,1.0,1.0,0.6076555023923444,0.09090909090909094,0.12121212121212122,0.21212121212121215,0.33333333333333326,0.4242424242424243,0.4242424242424243,0.4545454545454546,0.4545454545454546,0.5454545454545454,0.6363636363636364,0.6666666666666666,0.7575757575757576,0.7878787878787878,0.8787878787878788,0.8787878787878788,0.9393939393939394,0.9393939393939394,1.0,1,0.6076555023923444,
RandomForest_BestFirst_iter23.csv,34,0,0.0,0.0,0.00011468077786333328,0.9604835799350415,0.0,0,0.0,0.0,0.14285714285714285,0.14285714285714285,0.2857142857142857,0.2857142857142857,0.42857142857142855,0.5714285714285714,0.5714285714285714,0.5714285714285714,0.5714285714285714,0.7142857142857143,0.7142857142857143,0.7142857142857143,0.8571428571428571,0.8571428571428571,1.0,1.0,1.0,0.5563909774436089,0.0,0.0,0.14285714285714285,0.14285714285714285,0.2857142857142857,0.2857142857142857,0.42857142857142855,0.5714285714285714,0.5714285714285714,0.5714285714285714,0.5714285714285714,0.7142857142857143,0.7142857142857143,0.7142857142857143,0.8571428571428571,0.8571428571428571,1.0,1.0,1.0,0.5488721804511277,0.0,0.0,0.1428571428571428,0.1428571428571428,0.2857142857142857,0.2857142857142857,0.4285714285714286,0.5714285714285714,0.5714285714285714,0.5714285714285714,0.5714285714285714,0.7142857142857143,0.7142857142857143,0.7142857142857143,0.8571428571428571,0.8571428571428571,1.0,1.0,1,0.5488721804511277,
NaiveBayes_iter9.csv,14,0.04201680672268908,0.19230769230769232,0.06896551724137931,0.04216058059603392,0.9301767914237361,0.3195379854710331,0.06533557525302033,0.09803921568627451,0.09803921568627451,0.1568627450980392,0.1568627450980392,0.1568627450980392,0.17647058823529413,0.19607843137254902,0.23529411764705882,0.27450980392156865,0.3333333333333333,0.45098039215686275,0.5490196078431373,0.5882352941176471,0.7058823529411765,0.7450980392156863,0.8627450980392157,0.9215686274509803,0.9803921568627451,1.0,0.4035087719298246,0.09803921568627451,0.09803921568627451,0.1568627450980392,0.1568627450980392,0.1568627450980392,0.17647058823529413,0.19607843137254902,0.23529411764705882,0.27450980392156865,0.3333333333333333,0.45098039215686275,0.5490196078431373,0.5882352941176471,0.7058823529411765,0.7450980392156863,0.8627450980392157,0.9215686274509803,0.9803921568627451,1.0,0.457172342621259,0.0980392156862745,0.0980392156862745,0.1568627450980392,0.1568627450980392,0.1568627450980392,0.17647058823529416,0.196078431372549,0.23529411764705888,0.27450980392156865,0.33333333333333326,0.4509803921568627,0.5490196078431373,0.5882352941176471,0.7058823529411765,0.7450980392156863,0.8627450980392157,0.9215686274509803,0.9803921568627451,1,0.4571723426212591,
IBk_iter23.csv,1443,0.0,0.0,0.0,0.00011468077786333328,0.9801515698303861,0.0,-0.0021375065890197383,0.14285714285714285,0.42857142857142855,0.42857142857142855,0.42857142857142855,0.5714285714285714,0.5714285714285714,0.5714285714285714,0.5714285714285714,0.5714285714285714,0.5714285714285714,0.5714285714285714,0.7142857142857143,0.8571428571428571,0.8571428571428571,1.0,1.0,1.0,1.0,1.0,0.7593984962406014,0.14285714285714285,0.42857142857142855,0.42857142857142855,0.42857142857142855,0.5714285714285714,0.5714285714285714,0.5714285714285714,0.5714285714285714,0.5714285714285714,0.5714285714285714,0.5714285714285714,0.7142857142857143,0.8571428571428571,0.8571428571428571,1.0,1.0,1.0,1.0,1.0,0.6766917293233081,0.1428571428571428,0.4285714285714286,0.4285714285714286,0.4285714285714286,0.5714285714285714,0.5714285714285714,0.5714285714285714,0.5714285714285714,0.5714285714285714,0.5714285714285714,0.5714285714285714,0.7142857142857143,0.8571428571428571,0.8571428571428571,1.0,1.0,1.0,1.0,1,0.6766917293233081,
RandomForest_iter5.csv,0,1.0,0.04201680672268908,0.08064516129032258,0.7010935191641354,0.9553855403439363,0.08064516129032258,0.20186205894560877,0.1694915254237288,0.211864406779661,0.2542372881355932,0.3050847457627119,0.4067796610169492,0.4830508474576271,0.5254237288135594,0.5677966101694916,0.6101694915254238,0.711864406779661,0.7457627118644068,0.7542372881355932,0.7711864406779662,0.8220338983050848,0.8389830508474576,0.864406779661017,0.9067796610169492,0.9661016949152542,1.0,0.5720181904159354,0.1694915254237288,0.211864406779661,0.2542372881355932,0.3050847457627119,0.4067796610169492,0.4830508474576271,0.5254237288135594,0.5677966101694916,0.6101694915254238,0.711864406779661,0.7457627118644068,0.7542372881355932,0.7711864406779662,0.8220338983050848,0.8389830508474576,0.864406779661017,0.9067796610169492,0.9661016949152542,1.0,0.5780883741482322,0.18867924528301883,0.21739130434782605,0.2542372881355932,0.30508474576271194,0.4067796610169492,0.48305084745762716,0.5254237288135594,0.5677966101694916,0.6101694915254238,0.711864406779661,0.7457627118644068,0.7542372881355932,0.7711864406779662,0.8220338983050848,0.8389830508474576,0.7037037037037037,0.5217391304347828,0.5555555555555554,1,0.6271186440677967,
RandomForest_SMOTE_iter8.csv,0,0.47619047619047616,0.17857142857142858,0.2597402597402597,0.2551021299836668,0.8790469197958186,0.3029064149260388,0.28598746031511935,0.43636363636363634,0.509090909090909,0.5636363636363636,0.6363636363636364,0.6363636363636364,0.6727272727272727,0.7272727272727273,0.7272727272727273,0.7272727272727273,0.7272727272727273,0.7454545454545455,0.7454545454545455,0.7454545454545455,0.7636363636363637,0.7818181818181819,0.8727272727272727,0.9636363636363636,0.9636363636363636,1.0,0.6755980861244018,0.43636363636363634,0.509090909090909,0.5636363636363636,0.6363636363636364,0.6363636363636364,0.6727272727272727,0.7272727272727273,0.7272727272727273,0.7272727272727273,0.7272727272727273,0.7454545454545455,0.7454545454545455,0.7454545454545455,0.7636363636363637,0.7818181818181819,0.8727272727272727,0.9636363636363636,0.9636363636363636,1.0,0.7339712918660286,0.4363636363636363,0.509090909090909,0.5636363636363636,0.6363636363636364,0.6363636363636364,0.6727272727272727,0.7272727272727273,0.7272727272727273,0.7272727272727273,0.7272727272727273,0.7454545454545455,0.7454545454545455,0.7454545454545455,0.7636363636363637,0.7818181818181819,0.8727272727272727,0.9636363636363636,0.9636363636363636,1,0.7339712918660286,
IBk_SMOTE_iter24.csv,1,0.014925373134328358,0.05263157894736842,0.023255813953488372,0.012312203816827261,0.7940849101605979,0.09994402320492596,0.022218212766934,0.05263157894736842,0.10526315789473684,0.15789473684210525,0.15789473684210525,0.15789473684210525,0.21052631578947367,0.3157894736842105,0.5263157894736842,0.5789473684210527,0.7368421052631579,0.7894736842105263,0.7894736842105263,0.8947368421052632,0.8947368421052632,0.8947368421052632,0.8947368421052632,0.8947368421052632,1.0,1.0,0.5180055401662049,0.05263157894736842,0.10526315789473684,0.15789473684210525,0.15789473684210525,0.15789473684210525,0.21052631578947367,0.3157894736842105,0.5263157894736842,0.5789473684210527,0.7368421052631579,0.7894736842105263,0.7894736842105263,0.8947368421052632,0.8947368421052632,0.8947368421052632,0.8947368421052632,0.8947368421052632,1.0,1.0,0.5817174515235457,0.05263157894736836,0.10526315789473684,0.1578947368421053,0.1578947368421053,0.1578947368421053,0.21052631578947367,0.3157894736842105,0.5263157894736842,0.5789473684210527,0.7368421052631579,0.7894736842105263,0.7894736842105263,0.8947368421052632,0.8947368421052632,0.8947368421052632,0.8947368421052632,0.8947368421052632,1.0,1,0.5817174515235457,
NaiveBayes_CostSensitive_iter1.csv,1300,0.0,0.0,0.0,2.966038855109002e-05,0.935378590078329,0.0,-0.004169413556253057,0.0,0.0,0.0,0.0,0.0,0.0,0.0,0.0,0.0,0.0,0.0,0.0,0.0,0.0,0.0,0.0,0.0,0.0,1.0,0.15789473684210525,0.0,0.0,0.0,0.0,0.0,0.0,0.0,0.0,0.0,0.0,0.0,0.0,0.0,0.0,0.0,0.0,0.0,0.0,1.0,0.05263157894736842,0.0,0.0,0.0,0.0,0.0,0.0,0.0,0.0,0.0,0.0,0.0,0.0,0.0,0.0,0.0,0.0,0.0,0.0,1,0.05263157894736842,
IBk_SMOTE_iter18.csv,55,0.017391304347826087,0.2857142857142857,0.03278688524590164,0.014334628549295165,0.8324630113141862,0.43939470112111007,0.059780514893528265,0.2857142857142857,0.35714285714285715,0.42857142857142855,0.5,0.6428571428571429,0.6428571428571429,0.6428571428571429,0.6428571428571429,0.6428571428571429,0.6428571428571429,0.6428571428571429,0.6428571428571429,0.7857142857142857,0.8571428571428571,0.9285714285714286,0.9285714285714286,1.0,1.0,1.0,0.6992481203007518,0.2857142857142857,0.35714285714285715,0.42857142857142855,0.5,0.6428571428571429,0.6428571428571429,0.6428571428571429,0.6428571428571429,0.6428571428571429,0.6428571428571429,0.6428571428571429,0.6428571428571429,0.7857142857142857,0.8571428571428571,0.9285714285714286,0.9285714285714286,1.0,1.0,1.0,0.6954887218045114,0.2857142857142857,0.3571428571428572,0.4285714285714286,0.5,0.6428571428571429,0.6428571428571429,0.6428571428571429,0.6428571428571429,0.6428571428571429,0.6428571428571429,0.6428571428571429,0.6428571428571429,0.7857142857142857,0.8571428571428571,0.9285714285714286,0.9285714285714286,1.0,1.0,1,0.6954887218045114,
NaiveBayes_BestFirst_iter12.csv,4,0.055,0.2037037037037037,0.08661417322834646,0.05027447189566508,0.931703204047217,0.3357510718041362,0.08367350953467663,0.1509433962264151,0.16981132075471697,0.16981132075471697,0.16981132075471697,0.20754716981132076,0.22641509433962265,0.24528301886792453,0.3018867924528302,0.4339622641509434,0.49056603773584906,0.49056603773584906,0.6415094339622641,0.7169811320754716,0.7735849056603774,0.8301886792452831,0.8679245283018868,0.8679245283018868,0.9433962264150944,1.0,0.4240317775571003,0.1509433962264151,0.16981132075471697,0.16981132075471697,0.16981132075471697,0.20754716981132076,0.22641509433962265,0.24528301886792453,0.3018867924528302,0.4339622641509434,0.49056603773584906,0.49056603773584906,0.6415094339622641,0.7169811320754716,0.7735849056603774,0.8301886792452831,0.8679245283018868,0.8679245283018868,0.9433962264150944,1.0,0.5104270109235353,0.15094339622641506,0.16981132075471694,0.16981132075471694,0.16981132075471694,0.2075471698113207,0.2264150943396226,0.24528301886792447,0.3018867924528301,0.4339622641509434,0.49056603773584906,0.49056603773584906,0.6415094339622641,0.7169811320754716,0.7735849056603774,0.8301886792452831,0.8679245283018868,0.8679245283018868,0.9433962264150944,1,0.5104270109235353,
IBk_CostSensitive_iter22.csv,1490,0.0,0.0,0.0,7.285841787945574e-05,0.8937236815720875,0.0,-0.001554947588798778,0.25,0.25,0.25,0.25,0.25,0.25,0.25,0.25,0.25,0.25,0.25,0.25,0.25,0.5,0.75,0.75,0.75,0.75,1.0,0.631578947368421,0.25,0.25,0.25,0.25,0.25,0.25,0.25,0.25,0.25,0.25,0.25,0.25,0.25,0.5,0.75,0.75,0.75,0.75,1.0,0.40789473684210525,0.25,0.25,0.25,0.25,0.25,0.25,0.25,0.25,0.25,0.25,0.25,0.25,0.25,0.5,0.75,0.75,0.75,0.75,1,0.40789473684210525,
NaiveBayes_BestFirst_iter16.csv,17,0.0391304347826087,0.42857142857142855,0.07171314741035857,0.03827795266963861,0.9395211442786073,0.5903757288365229,0.11680858533330675,0.23809523809523808,0.23809523809523808,0.3333333333333333,0.47619047619047616,0.5714285714285714,0.5714285714285714,0.5714285714285714,0.5714285714285714,0.5714285714285714,0.6190476190476191,0.8095238095238095,0.8571428571428571,0.9047619047619048,1.0,1.0,1.0,1.0,1.0,1.0,0.5989974937343359,0.23809523809523808,0.23809523809523808,0.3333333333333333,0.47619047619047616,0.5714285714285714,0.5714285714285714,0.5714285714285714,0.5714285714285714,0.5714285714285714,0.6190476190476191,0.8095238095238095,0.8571428571428571,0.9047619047619048,1.0,1.0,1.0,1.0,1.0,1.0,0.7017543859649122,0.23809523809523814,0.23809523809523814,0.33333333333333326,0.47619047619047616,0.5714285714285714,0.5714285714285714,0.5714285714285714,0.5714285714285714,0.5714285714285714,0.6190476190476191,0.8095238095238095,0.8571428571428571,0.9047619047619048,1.0,1.0,1.0,1.0,1.0,1,0.7017543859649122,
IBk_CostSensitive_iter26.csv,1409,0.0,0.0,0.0,0.0003078453195671221,0.9888917929952954,0.0,-0.004271001523728377,0.19230769230769232,0.19230769230769232,0.34615384615384615,0.34615384615384615,0.34615384615384615,0.38461538461538464,0.5,0.5,0.5,0.5,0.6153846153846154,0.6538461538461539,0.6538461538461539,0.6538461538461539,0.6538461538461539,0.6923076923076923,0.6923076923076923,0.8846153846153846,1.0,0.4291497975708502,0.19230769230769232,0.19230769230769232,0.34615384615384615,0.34615384615384615,0.34615384615384615,0.38461538461538464,0.5,0.5,0.5,0.5,0.6153846153846154,0.6538461538461539,0.6538461538461539,0.6538461538461539,0.6538461538461539,0.6923076923076923,0.6923076923076923,0.8846153846153846,1.0,0.54251012145749,0.1923076923076923,0.1923076923076923,0.34615384615384615,0.34615384615384615,0.34615384615384615,0.3846153846153846,0.5,0.5,0.5,0.5,0.6153846153846154,0.6538461538461539,0.6538461538461539,0.6538461538461539,0.6538461538461539,0.6923076923076923,0.6923076923076923,0.8846153846153846,1,0.54251012145749,
NaiveBayes_BestFirst_iter9.csv,9,0.041176470588235294,0.1346153846153846,0.06306306306306306,0.044143697661764764,0.9203592251269509,0.23612530815946123,0.05318251212782167,0.0784313725490196,0.09803921568627451,0.11764705882352941,0.11764705882352941,0.17647058823529413,0.19607843137254902,0.2549019607843137,0.3137254901960784,0.5294117647058824,0.6078431372549019,0.6666666666666666,0.7058823529411765,0.7647058823529411,0.803921568627451,0.8431372549019608,0.8823529411764706,0.9215686274509803,0.9607843137254902,1.0,0.435500515995872,0.0784313725490196,0.09803921568627451,0.11764705882352941,0.11764705882352941,0.17647058823529413,0.19607843137254902,0.2549019607843137,0.3137254901960784,0.5294117647058824,0.6078431372549019,0.6666666666666666,0.7058823529411765,0.7647058823529411,0.803921568627451,0.8431372549019608,0.8823529411764706,0.9215686274509803,0.9607843137254902,1.0,0.5283797729618163,0.07843137254901955,0.0980392156862745,0.11764705882352944,0.11764705882352944,0.17647058823529416,0.196078431372549,0.2549019607843137,0.3137254901960784,0.5294117647058824,0.6078431372549019,0.6666666666666666,0.7058823529411765,0.7647058823529411,0.803921568627451,0.8431372549019608,0.8823529411764706,0.9215686274509803,0.9607843137254902,1,0.5283797729618163,
IBk_SMOTE_iter20.csv,1,0.3448275862068966,0.2702702702702703,0.30303030303030304,0.23576304367376855,0.9138118527206373,0.42516838574498894,0.3005071255125064,0.35135135135135137,0.4594594594594595,0.4594594594594595,0.4864864864864865,0.6216216216216216,0.6486486486486487,0.6756756756756757,0.7837837837837838,0.7837837837837838,0.8108108108108109,0.8378378378378378,0.8648648648648649,0.8918918918918919,0.8918918918918919,0.9459459459459459,0.9459459459459459,0.972972972972973,0.972972972972973,1.0,0.682788051209104,0.35135135135135137,0.4594594594594595,0.4594594594594595,0.4864864864864865,0.6216216216216216,0.6486486486486487,0.6756756756756757,0.7837837837837838,0.7837837837837838,0.8108108108108109,0.8378378378378378,0.8648648648648649,0.8918918918918919,0.8918918918918919,0.9459459459459459,0.9459459459459459,0.972972972972973,0.972972972972973,1.0,0.7581792318634424,0.3513513513513513,0.45945945945945943,0.45945945945945943,0.4864864864864865,0.6216216216216216,0.6486486486486487,0.6756756756756757,0.7837837837837838,0.7837837837837838,0.8108108108108109,0.8378378378378378,0.8648648648648649,0.8918918918918919,0.8918918918918919,0.9459459459459459,0.9459459459459459,0.972972972972973,0.972972972972973,1,0.7581792318634424,
NaiveBayes_CostSensitive_iter5.csv,0,0.16138328530259366,0.47058823529411764,0.24034334763948498,0.16087406997921253,0.9258200276287467,0.6227959770446752,0.23652749712053192,0.13559322033898305,0.1694915254237288,0.22033898305084745,0.2711864406779661,0.3305084745762712,0.3644067796610169,0.423728813559322,0.4661016949152542,0.5,0.5084745762711864,0.6101694915254238,0.635593220338983,0.6610169491525424,0.6864406779661016,0.6949152542372882,0.7033898305084746,0.7966101694915254,0.864406779661017,1.0,0.4208480156901634,0.13559322033898305,0.1694915254237288,0.22033898305084745,0.2711864406779661,0.3305084745762712,0.3644067796610169,0.423728813559322,0.4661016949152542,0.5,0.5084745762711864,0.6101694915254238,0.635593220338983,0.6610169491525424,0.6864406779661016,0.6949152542372882,0.7033898305084746,0.7966101694915254,0.864406779661017,1.0,0.42366261302572267,0.15094339622641506,0.17391304347826086,0.22033898305084743,0.27118644067796605,0.3305084745762712,0.36440677966101687,0.423728813559322,0.4661016949152542,0.5,0.5084745762711864,0.6101694915254238,0.635593220338983,0.6610169491525424,0.6864406779661016,0.6949152542372882,0.35185185185185186,0,0,1,0.5285459411239964,
RandomForest_iter1.csv,3,0,0.0,0.0,0.0357439461028368,0.9990208877284593,0.0,0,1.0,1.0,1.0,1.0,1.0,1.0,1.0,1.0,1.0,1.0,1.0,1.0,1.0,1.0,1.0,1.0,1.0,1.0,1.0,1.0,1.0,1.0,1.0,1.0,1.0,1.0,1.0,1.0,1.0,1.0,1.0,1.0,1.0,1.0,1.0,1.0,1.0,1.0,1.0,1.0,1.0,1.0,1.0,1.0,1.0,1.0,1.0,1.0,1.0,1.0,1.0,1.0,1.0,1.0,1.0,1.0,1.0,1.0,1,1.0,
IBk_iter27.csv,6,0.3333333333333333,0.06818181818181818,0.11320754716981132,0.264220607585693,0.9977606805943293,0.12765245310267667,0.14844727081174267,0.13953488372093023,0.18604651162790697,0.18604651162790697,0.23255813953488372,0.32558139534883723,0.37209302325581395,0.37209302325581395,0.4418604651162791,0.46511627906976744,0.5813953488372093,0.627906976744186,0.6976744186046512,0.8372093023255814,0.8837209302325582,0.9069767441860465,0.9069767441860465,0.9302325581395349,1.0,1.0,0.5128518971848225,0.13953488372093023,0.18604651162790697,0.18604651162790697,0.23255813953488372,0.32558139534883723,0.37209302325581395,0.37209302325581395,0.4418604651162791,0.46511627906976744,0.5813953488372093,0.627906976744186,0.6976744186046512,0.8372093023255814,0.8837209302325582,0.9069767441860465,0.9069767441860465,0.9302325581395349,1.0,1.0,0.583843329253366,0.13953488372093026,0.18604651162790697,0.18604651162790697,0.2325581395348837,0.32558139534883723,0.37209302325581395,0.37209302325581395,0.4418604651162791,0.4651162790697674,0.5813953488372093,0.627906976744186,0.6976744186046512,0.8372093023255814,0.8837209302325582,0.9069767441860465,0.9069767441860465,0.9302325581395349,1.0,1,0.583843329253366,
RandomForest_BestFirst_iter27.csv,0,0,0.0,0.0,0.12874244550906538,0.9848705362458816,0.0,0,0.11627906976744186,0.13953488372093023,0.13953488372093023,0.18604651162790697,0.20930232558139536,0.23255813953488372,0.3023255813953488,0.3488372093023256,0.4418604651162791,0.5116279069767442,0.5813953488372093,0.6046511627906976,0.627906976744186,0.6744186046511628,0.7674418604651163,0.8604651162790697,0.8837209302325582,0.9302325581395349,1.0,0.5116279069767442,0.11627906976744186,0.13953488372093023,0.13953488372093023,0.18604651162790697,0.20930232558139536,0.23255813953488372,0.3023255813953488,0.3488372093023256,0.4418604651162791,0.5116279069767442,0.5813953488372093,0.6046511627906976,0.627906976744186,0.6744186046511628,0.7674418604651163,0.8604651162790697,0.8837209302325582,0.9302325581395349,1.0,0.5030599755201959,0.11627906976744184,0.13953488372093026,0.13953488372093026,0.18604651162790697,0.2093023255813954,0.2325581395348837,0.3023255813953488,0.34883720930232553,0.4418604651162791,0.5116279069767442,0.5813953488372093,0.6046511627906976,0.627906976744186,0.6744186046511628,0.7674418604651163,0.8604651162790697,0.8837209302325582,0.9302325581395349,1,0.5030599755201959,
NaiveBayes_iter13.csv,12,0.0851063829787234,0.3389830508474576,0.1360544217687075,0.08204183834579917,0.9420914212096214,0.49938788002448475,0.14693789057083464,0.20689655172413793,0.22413793103448276,0.25862068965517243,0.29310344827586204,0.3103448275862069,0.3448275862068966,0.3620689655172414,0.3620689655172414,0.3793103448275862,0.43103448275862066,0.46551724137931033,0.603448275862069,0.7758620689655172,0.7931034482758621,0.8448275862068966,0.8620689655172413,0.9137931034482759,0.9827586206896551,1.0,0.46680676282357436,0.20689655172413793,0.22413793103448276,0.25862068965517243,0.29310344827586204,0.3103448275862069,0.3448275862068966,0.3620689655172414,0.3620689655172414,0.3793103448275862,0.43103448275862066,0.46551724137931033,0.603448275862069,0.7758620689655172,0.7931034482758621,0.8448275862068966,0.8620689655172413,0.9137931034482759,0.9827586206896551,1.0,0.5476167733307861,0.2068965517241379,0.22413793103448276,0.2586206896551724,0.2931034482758621,0.31034482758620685,0.3448275862068966,0.3620689655172413,0.3620689655172413,0.3793103448275862,0.43103448275862066,0.4655172413793103,0.603448275862069,0.7758620689655172,0.7931034482758621,0.8448275862068966,0.8620689655172413,0.9137931034482759,0.9736842105263157,1,0.5480943738656987,
IBk_CostSensitive_iter4.csv,0,0.6363636363636364,0.4117647058823529,0.5,0.49781047650550136,0.9917338892413669,0.5831234256926952,0.5098871198747357,0.7058823529411765,0.7647058823529411,0.7647058823529411,0.7647058823529411,0.7647058823529411,0.7647058823529411,0.7647058823529411,0.8235294117647058,0.8823529411764706,0.8823529411764706,0.8823529411764706,0.9411764705882353,0.9411764705882353,0.9411764705882353,1.0,1.0,1.0,1.0,1.0,0.8699690402476781,0.7058823529411765,0.7647058823529411,0.7647058823529411,0.7647058823529411,0.7647058823529411,0.7647058823529411,0.7647058823529411,0.8235294117647058,0.8823529411764706,0.8823529411764706,0.8823529411764706,0.9411764705882353,0.9411764705882353,0.9411764705882353,1.0,1.0,1.0,1.0,1.0,0.8730650154798762,0.7058823529411765,0.7647058823529411,0.7647058823529411,0.7647058823529411,0.7647058823529411,0.7647058823529411,0.7647058823529411,0.8235294117647058,0.8823529411764706,0.8823529411764706,0.8823529411764706,0.9411764705882353,0.9411764705882353,0.9411764705882353,1.0,1.0,1.0,1.0,1,0.8730650154798762,
IBk_CostSensitive_iter5.csv,1,0.625,0.08403361344537816,0.14814814814814814,0.4655990394836092,0.9842970503329677,0.15501903816962204,0.22161129637670102,0.2457627118644068,0.2711864406779661,0.2966101694915254,0.3305084745762712,0.3983050847457627,0.4491525423728814,0.4915254237288136,0.5508474576271186,0.652542372881356,0.711864406779661,0.7542372881355932,0.788135593220339,0.8305084745762712,0.864406779661017,0.8898305084745762,0.9491525423728814,0.9491525423728814,0.9491525423728814,1.0,0.5161974641170748,0.2457627118644068,0.2711864406779661,0.2966101694915254,0.3305084745762712,0.3983050847457627,0.4491525423728814,0.4915254237288136,0.5508474576271186,0.652542372881356,0.711864406779661,0.7542372881355932,0.788135593220339,0.8305084745762712,0.864406779661017,0.8898305084745762,0.9491525423728814,0.9491525423728814,0.9491525423728814,1.0,0.6064038425527166,0.2735849056603774,0.27826086956521745,0.2966101694915254,0.3305084745762712,0.39830508474576276,0.4491525423728814,0.4915254237288136,0.5508474576271186,0.652542372881356,0.711864406779661,0.7542372881355932,0.788135593220339,0.8305084745762712,0.864406779661017,0.8898305084745762,0.888888888888889,0.7391304347826089,0.3333333333333338,1,0.6512042818911685,
NaiveBayes_iter12.csv,4,0.0514018691588785,0.2037037037037037,0.08208955223880597,0.048024537042582735,0.937734771630218,0.33554179399118417,0.07930415860684839,0.1320754716981132,0.1509433962264151,0.1509433962264151,0.1509433962264151,0.16981132075471697,0.18867924528301888,0.20754716981132076,0.22641509433962265,0.2830188679245283,0.37735849056603776,0.5094339622641509,0.5660377358490566,0.660377358490566,0.6792452830188679,0.7547169811320755,0.8490566037735849,0.8867924528301887,0.9433962264150944,1.0,0.40714995034756696,0.1320754716981132,0.1509433962264151,0.1509433962264151,0.1509433962264151,0.16981132075471697,0.18867924528301888,0.20754716981132076,0.22641509433962265,0.2830188679245283,0.37735849056603776,0.5094339622641509,0.5660377358490566,0.660377358490566,0.6792452830188679,0.7547169811320755,0.8490566037735849,0.8867924528301887,0.9433962264150944,1.0,0.46772591857000995,0.13207547169811318,0.15094339622641506,0.15094339622641506,0.15094339622641506,0.16981132075471694,0.18867924528301883,0.2075471698113207,0.2264150943396226,0.28301886792452824,0.37735849056603776,0.5094339622641509,0.5660377358490566,0.660377358490566,0.6792452830188679,0.7547169811320755,0.8490566037735849,0.8867924528301887,0.9433962264150944,1,0.46772591857000995,
RandomForest_BestFirst_iter26.csv,84,0.0,0.0,0.0,0.0003078453195671221,0.9612620129478469,0.0,-0.0009409070185741324,0.2692307692307692,0.38461538461538464,0.4230769230769231,0.5769230769230769,0.5769230769230769,0.6153846153846154,0.6538461538461539,0.6538461538461539,0.6538461538461539,0.6538461538461539,0.6923076923076923,0.7307692307692307,0.8076923076923077,0.9230769230769231,0.9615384615384616,0.9615384615384616,1.0,1.0,1.0,0.6619433198380567,0.2692307692307692,0.38461538461538464,0.4230769230769231,0.5769230769230769,0.5769230769230769,0.6153846153846154,0.6538461538461539,0.6538461538461539,0.6538461538461539,0.6538461538461539,0.6923076923076923,0.7307692307692307,0.8076923076923077,0.9230769230769231,0.9615384615384616,0.9615384615384616,1.0,1.0,1.0,0.7125506072874495,0.26923076923076916,0.3846153846153846,0.42307692307692313,0.5769230769230769,0.5769230769230769,0.6153846153846154,0.6538461538461539,0.6538461538461539,0.6538461538461539,0.6538461538461539,0.6923076923076923,0.7307692307692307,0.8076923076923077,0.9230769230769231,0.9615384615384616,0.9615384615384616,1.0,1.0,1,0.7125506072874495,
IBk_iter26.csv,1409,0.0,0.0,0.0,0.0003078453195671221,0.9888917929952954,0.0,-0.0016301235492713387,0.19230769230769232,0.19230769230769232,0.34615384615384615,0.34615384615384615,0.34615384615384615,0.38461538461538464,0.5,0.5,0.5,0.5,0.6153846153846154,0.6538461538461539,0.6538461538461539,0.6538461538461539,0.6538461538461539,0.6923076923076923,0.6923076923076923,0.8846153846153846,1.0,0.4291497975708502,0.19230769230769232,0.19230769230769232,0.34615384615384615,0.34615384615384615,0.34615384615384615,0.38461538461538464,0.5,0.5,0.5,0.5,0.6153846153846154,0.6538461538461539,0.6538461538461539,0.6538461538461539,0.6538461538461539,0.6923076923076923,0.6923076923076923,0.8846153846153846,1.0,0.54251012145749,0.1923076923076923,0.1923076923076923,0.34615384615384615,0.34615384615384615,0.34615384615384615,0.3846153846153846,0.5,0.5,0.5,0.5,0.6153846153846154,0.6538461538461539,0.6538461538461539,0.6538461538461539,0.6538461538461539,0.6923076923076923,0.6923076923076923,0.8846153846153846,1,0.54251012145749,
NaiveBayes_CostSensitive_iter4.csv,10,0.024271844660194174,0.29411764705882354,0.04484304932735426,0.02446384670664675,0.9233753285597754,0.44782487164021,0.06872887300150302,0.11764705882352941,0.29411764705882354,0.35294117647058826,0.35294117647058826,0.35294117647058826,0.35294117647058826,0.35294117647058826,0.35294117647058826,0.4117647058823529,0.7647058823529411,0.8235294117647058,0.8235294117647058,0.8235294117647058,0.9411764705882353,0.9411764705882353,1.0,1.0,1.0,1.0,0.5201238390092879,0.11764705882352941,0.29411764705882354,0.35294117647058826,0.35294117647058826,0.35294117647058826,0.35294117647058826,0.35294117647058826,0.35294117647058826,0.4117647058823529,0.7647058823529411,0.8235294117647058,0.8235294117647058,0.8235294117647058,0.9411764705882353,0.9411764705882353,1.0,1.0,1.0,1.0,0.6346749226006192,0.11764705882352944,0.2941176470588236,0.3529411764705883,0.3529411764705883,0.3529411764705883,0.3529411764705883,0.3529411764705883,0.3529411764705883,0.4117647058823529,0.7647058823529411,0.8235294117647058,0.8235294117647058,0.8235294117647058,0.9411764705882353,0.9411764705882353,1.0,1.0,1.0,1,0.6346749226006192,
IBk_SMOTE_iter21.csv,43,0.0,0.0,0.0,0.004708304211851211,0.9451152714695419,0.0,-0.004570532881778128,0.23529411764705882,0.29411764705882354,0.4117647058823529,0.47058823529411764,0.6470588235294118,0.7058823529411765,0.7058823529411765,0.7058823529411765,0.7058823529411765,0.8235294117647058,0.9411764705882353,0.9411764705882353,0.9411764705882353,0.9411764705882353,1.0,1.0,1.0,1.0,1.0,0.628482972136223,0.23529411764705882,0.29411764705882354,0.4117647058823529,0.47058823529411764,0.6470588235294118,0.7058823529411765,0.7058823529411765,0.7058823529411765,0.7058823529411765,0.8235294117647058,0.9411764705882353,0.9411764705882353,0.9411764705882353,0.9411764705882353,1.0,1.0,1.0,1.0,1.0,0.7616099071207431,0.23529411764705888,0.2941176470588236,0.4117647058823529,0.47058823529411764,0.6470588235294118,0.7058823529411765,0.7058823529411765,0.7058823529411765,0.7058823529411765,0.8235294117647058,0.9411764705882353,0.9411764705882353,0.9411764705882353,0.9411764705882353,1.0,1.0,1.0,1.0,1,0.7616099071207431,
NaiveBayes_BestFirst_iter8.csv,8,0.057692307692307696,0.16071428571428573,0.08490566037735849,0.04864548463389093,0.8225167820432139,0.27549949875271024,0.07566765251605626,0.14545454545454545,0.16363636363636364,0.2,0.36363636363636365,0.43636363636363634,0.43636363636363634,0.4909090909090909,0.5636363636363636,0.6,0.6545454545454545,0.6545454545454545,0.7272727272727273,0.7454545454545455,0.7818181818181819,0.8181818181818182,0.9090909090909091,0.9454545454545454,0.9454545454545454,1.0,0.5244019138755981,0.14545454545454545,0.16363636363636364,0.2,0.36363636363636365,0.43636363636363634,0.43636363636363634,0.4909090909090909,0.5636363636363636,0.6,0.6545454545454545,0.6545454545454545,0.7272727272727273,0.7454545454545455,0.7818181818181819,0.8181818181818182,0.9090909090909091,0.9454545454545454,0.9454545454545454,1.0,0.6095693779904306,0.1454545454545455,0.16363636363636358,0.19999999999999996,0.36363636363636365,0.4363636363636363,0.4363636363636363,0.49090909090909096,0.5636363636363636,0.6,0.6545454545454545,0.6545454545454545,0.7272727272727273,0.7454545454545455,0.7818181818181819,0.8181818181818182,0.9090909090909091,0.9454545454545454,0.9454545454545454,1,0.6095693779904306,
IBk_CostSensitive_iter27.csv,6,0.2608695652173913,0.13636363636363635,0.1791044776119403,0.23128253116935565,0.9506258186581283,0.23992858851465274,0.1849039467237562,0.13953488372093023,0.18604651162790697,0.18604651162790697,0.23255813953488372,0.32558139534883723,0.37209302325581395,0.37209302325581395,0.4418604651162791,0.46511627906976744,0.5813953488372093,0.627906976744186,0.6976744186046512,0.8372093023255814,0.8837209302325582,0.9069767441860465,0.9069767441860465,0.9302325581395349,1.0,1.0,0.5128518971848225,0.13953488372093023,0.18604651162790697,0.18604651162790697,0.23255813953488372,0.32558139534883723,0.37209302325581395,0.37209302325581395,0.4418604651162791,0.46511627906976744,0.5813953488372093,0.627906976744186,0.6976744186046512,0.8372093023255814,0.8837209302325582,0.9069767441860465,0.9069767441860465,0.9302325581395349,1.0,1.0,0.583843329253366,0.13953488372093026,0.18604651162790697,0.18604651162790697,0.2325581395348837,0.32558139534883723,0.37209302325581395,0.37209302325581395,0.4418604651162791,0.4651162790697674,0.5813953488372093,0.627906976744186,0.6976744186046512,0.8372093023255814,0.8837209302325582,0.9069767441860465,0.9069767441860465,0.9302325581395349,1.0,1,0.583843329253366,
NaiveBayes_BestFirst_iter17.csv,14,0.06572769953051644,0.42424242424242425,0.11382113821138211,0.06609181507495478,0.9416050117640384,0.5872071191584579,0.15189978882146754,0.12121212121212122,0.2727272727272727,0.30303030303030304,0.42424242424242425,0.5151515151515151,0.5151515151515151,0.5454545454545454,0.5454545454545454,0.5757575757575758,0.6060606060606061,0.696969696969697,0.7575757575757576,0.8484848484848485,0.8787878787878788,0.8787878787878788,0.9090909090909091,0.9090909090909091,0.9696969696969697,1.0,0.5964912280701754,0.12121212121212122,0.2727272727272727,0.30303030303030304,0.42424242424242425,0.5151515151515151,0.5151515151515151,0.5454545454545454,0.5454545454545454,0.5757575757575758,0.6060606060606061,0.696969696969697,0.7575757575757576,0.8484848484848485,0.8787878787878788,0.8787878787878788,0.9090909090909091,0.9090909090909091,0.9696969696969697,1.0,0.6459330143540668,0.12121212121212122,0.2727272727272727,0.303030303030303,0.4242424242424243,0.5151515151515151,0.5151515151515151,0.5454545454545454,0.5454545454545454,0.5757575757575758,0.6060606060606061,0.696969696969697,0.7575757575757576,0.8484848484848485,0.8787878787878788,0.8787878787878788,0.9090909090909091,0.9090909090909091,0.9696969696969697,1,0.6459330143540668,
IBk_CostSensitive_iter19.csv,6,0.12903225806451613,0.21052631578947367,0.16,0.11279702246853597,0.8950871166753291,0.3474737622044438,0.16048602958622635,0.3157894736842105,0.5263157894736842,0.5263157894736842,0.5789473684210527,0.631578947368421,0.631578947368421,0.6842105263157895,0.6842105263157895,0.8421052631578947,0.8421052631578947,0.8421052631578947,0.8421052631578947,0.8421052631578947,0.8421052631578947,0.8947368421052632,0.8947368421052632,0.8947368421052632,1.0,1.0,0.6731301939058172,0.3157894736842105,0.5263157894736842,0.5263157894736842,0.5789473684210527,0.631578947368421,0.631578947368421,0.6842105263157895,0.6842105263157895,0.8421052631578947,0.8421052631578947,0.8421052631578947,0.8421052631578947,0.8421052631578947,0.8421052631578947,0.8947368421052632,0.8947368421052632,0.8947368421052632,1.0,1.0,0.7534626038781165,0.3157894736842105,0.5263157894736842,0.5263157894736842,0.5789473684210527,0.631578947368421,0.631578947368421,0.6842105263157895,0.6842105263157895,0.8421052631578947,0.8421052631578947,0.8421052631578947,0.8421052631578947,0.8421052631578947,0.8421052631578947,0.8947368421052632,0.8947368421052632,0.8947368421052632,1.0,1,0.7534626038781165,
NaiveBayes_BestFirst_iter15.csv,27,0.01606425702811245,0.2857142857142857,0.030418250950570342,0.016398562142015502,0.9170942164179104,0.43853892670228056,0.0557491221765144,0.14285714285714285,0.14285714285714285,0.14285714285714285,0.21428571428571427,0.35714285714285715,0.35714285714285715,0.35714285714285715,0.35714285714285715,0.35714285714285715,0.5,0.6428571428571429,0.6428571428571429,0.9285714285714286,0.9285714285714286,0.9285714285714286,0.9285714285714286,1.0,1.0,1.0,0.5150375939849624,0.14285714285714285,0.14285714285714285,0.14285714285714285,0.21428571428571427,0.35714285714285715,0.35714285714285715,0.35714285714285715,0.35714285714285715,0.35714285714285715,0.5,0.6428571428571429,0.6428571428571429,0.9285714285714286,0.9285714285714286,0.9285714285714286,0.9285714285714286,1.0,1.0,1.0,0.5751879699248121,0.1428571428571428,0.1428571428571428,0.1428571428571428,0.2142857142857143,0.3571428571428572,0.3571428571428572,0.3571428571428572,0.3571428571428572,0.3571428571428572,0.5,0.6428571428571429,0.6428571428571429,0.9285714285714286,0.9285714285714286,0.9285714285714286,0.9285714285714286,1.0,1.0,1,0.5751879699248121,
IBk_CostSensitive_iter25.csv,626,0.0,0.0,0.0,0.0003560652911302262,0.9476407284768212,0.0,-0.0029894204383952893,0.2631578947368421,0.5263157894736842,0.631578947368421,0.631578947368421,0.631578947368421,0.631578947368421,0.631578947368421,0.631578947368421,0.631578947368421,0.7368421052631579,0.7368421052631579,0.7894736842105263,0.8421052631578947,0.8421052631578947,0.8421052631578947,0.8421052631578947,0.9473684210526315,0.9473684210526315,1.0,0.7285318559556788,0.2631578947368421,0.5263157894736842,0.631578947368421,0.631578947368421,0.631578947368421,0.631578947368421,0.631578947368421,0.631578947368421,0.631578947368421,0.7368421052631579,0.7368421052631579,0.7894736842105263,0.8421052631578947,0.8421052631578947,0.8421052631578947,0.8421052631578947,0.9473684210526315,0.9473684210526315,1.0,0.7229916897506925,0.26315789473684204,0.5263157894736842,0.631578947368421,0.631578947368421,0.631578947368421,0.631578947368421,0.631578947368421,0.631578947368421,0.631578947368421,0.7368421052631579,0.7368421052631579,0.7894736842105263,0.8421052631578947,0.8421052631578947,0.8421052631578947,0.8421052631578947,0.9473684210526315,0.9473684210526315,1,0.7229916897506925,
IBk_SMOTE_iter23.csv,1592,0.0,0.0,0.0,0.00011468077786333328,0.9529050884157344,0.0,-0.006581726138874849,0.0,0.0,0.0,0.2857142857142857,0.42857142857142855,0.42857142857142855,0.5714285714285714,0.5714285714285714,0.5714285714285714,0.5714285714285714,0.5714285714285714,0.5714285714285714,0.5714285714285714,0.8571428571428571,0.8571428571428571,1.0,1.0,1.0,1.0,0.6466165413533834,0.0,0.0,0.0,0.2857142857142857,0.42857142857142855,0.42857142857142855,0.5714285714285714,0.5714285714285714,0.5714285714285714,0.5714285714285714,0.5714285714285714,0.5714285714285714,0.5714285714285714,0.8571428571428571,0.8571428571428571,1.0,1.0,1.0,1.0,0.5714285714285713,0.0,0.0,0.0,0.2857142857142857,0.4285714285714286,0.4285714285714286,0.5714285714285714,0.5714285714285714,0.5714285714285714,0.5714285714285714,0.5714285714285714,0.5714285714285714,0.5714285714285714,0.8571428571428571,0.8571428571428571,1.0,1.0,1.0,1,0.5714285714285713,
NaiveBayes_CostSensitive_iter6.csv,21,0.05121293800539083,0.4318181818181818,0.09156626506024096,0.052530634671457174,0.9187994256933846,0.586068128522299,0.12349075251838526,0.25,0.3181818181818182,0.36363636363636365,0.38636363636363635,0.4090909090909091,0.4090909090909091,0.45454545454545453,0.5,0.5454545454545454,0.6136363636363636,0.6363636363636364,0.6363636363636364,0.6363636363636364,0.6590909090909091,0.7727272727272727,0.7954545454545454,0.8409090909090909,0.8636363636363636,1.0,0.5299043062200957,0.25,0.3181818181818182,0.36363636363636365,0.38636363636363635,0.4090909090909091,0.4090909090909091,0.45454545454545453,0.5,0.5454545454545454,0.6136363636363636,0.6363636363636364,0.6363636363636364,0.6363636363636364,0.6590909090909091,0.7727272727272727,0.7954545454545454,0.8409090909090909,0.8636363636363636,1.0,0.583732057416268,0.25,0.3181818181818181,0.36363636363636365,0.38636363636363635,0.40909090909090917,0.40909090909090917,0.4545454545454546,0.5,0.5454545454545454,0.6136363636363636,0.6363636363636364,0.6363636363636364,0.6363636363636364,0.6590909090909091,0.7727272727272727,0.7954545454545454,0.8409090909090909,0.8636363636363636,1,0.583732057416268,
RandomForest_iter2.csv,524,0,0.0,0.0,0.0002950635862028267,0.9873005535656139,0.0,0,0.1,0.2,0.3,0.4,0.4,0.4,0.5,0.7,0.8,0.8,0.8,0.8,0.8,1.0,1.0,1.0,1.0,1.0,1.0,0.6842105263157895,0.1,0.2,0.3,0.4,0.4,0.4,0.5,0.7,0.8,0.8,0.8,0.8,0.8,1.0,1.0,1.0,1.0,1.0,1.0,0.6842105263157895,0.09999999999999998,0.19999999999999996,0.30000000000000004,0.4,0.4,0.4,0.5,0.7,0.8,0.8,0.8,0.8,0.8,1.0,1.0,1.0,1.0,1.0,1,0.6842105263157895,
RandomForest_BestFirst_iter24.csv,9,0,0.0,0.0,0.0002889865697294173,0.9861751559159733,0.0,0,0.15789473684210525,0.3157894736842105,0.5263157894736842,0.631578947368421,0.6842105263157895,0.6842105263157895,0.6842105263157895,0.6842105263157895,0.6842105263157895,0.6842105263157895,0.6842105263157895,0.7894736842105263,0.7894736842105263,0.8421052631578947,0.8947368421052632,1.0,1.0,1.0,1.0,0.6759002770083103,0.15789473684210525,0.3157894736842105,0.5263157894736842,0.631578947368421,0.6842105263157895,0.6842105263157895,0.6842105263157895,0.6842105263157895,0.6842105263157895,0.6842105263157895,0.6842105263157895,0.7894736842105263,0.7894736842105263,0.8421052631578947,0.8947368421052632,1.0,1.0,1.0,1.0,0.7229916897506925,0.1578947368421053,0.3157894736842105,0.5263157894736842,0.631578947368421,0.6842105263157895,0.6842105263157895,0.6842105263157895,0.6842105263157895,0.6842105263157895,0.6842105263157895,0.6842105263157895,0.7894736842105263,0.7894736842105263,0.8421052631578947,0.8947368421052632,1.0,1.0,1.0,1,0.7229916897506925,
IBk_iter24.csv,2271,0.0,0.0,0.0,0.0002889865697294173,0.9877475662974152,0.0,-0.0007305017432043106,0.05263157894736842,0.15789473684210525,0.15789473684210525,0.15789473684210525,0.21052631578947367,0.3157894736842105,0.47368421052631576,0.5263157894736842,0.6842105263157895,0.7894736842105263,0.7894736842105263,0.8421052631578947,0.8947368421052632,0.8947368421052632,0.8947368421052632,0.8947368421052632,0.8947368421052632,1.0,1.0,0.5124653739612188,0.05263157894736842,0.15789473684210525,0.15789473684210525,0.15789473684210525,0.21052631578947367,0.3157894736842105,0.47368421052631576,0.5263157894736842,0.6842105263157895,0.7894736842105263,0.7894736842105263,0.8421052631578947,0.8947368421052632,0.8947368421052632,0.8947368421052632,0.8947368421052632,0.8947368421052632,1.0,1.0,0.6121883656509696,0.05263157894736836,0.1578947368421053,0.1578947368421053,0.1578947368421053,0.21052631578947367,0.3157894736842105,0.4736842105263157,0.5263157894736842,0.6842105263157895,0.7894736842105263,0.7894736842105263,0.8421052631578947,0.8947368421052632,0.8947368421052632,0.8947368421052632,0.8947368421052632,0.8947368421052632,1.0,1,0.6121883656509696,
RandomForest_BestFirst_iter18.csv,107,0.0,0.0,0.0,0.00027607966870439756,0.8166418003232625,0.0,-0.0014083984195969088,0.07142857142857142,0.14285714285714285,0.14285714285714285,0.14285714285714285,0.14285714285714285,0.21428571428571427,0.2857142857142857,0.35714285714285715,0.35714285714285715,0.42857142857142855,0.5,0.5714285714285714,0.5714285714285714,0.5714285714285714,0.7142857142857143,0.7142857142857143,0.7857142857142857,1.0,1.0,0.4699248120300752,0.07142857142857142,0.14285714285714285,0.14285714285714285,0.14285714285714285,0.14285714285714285,0.21428571428571427,0.2857142857142857,0.35714285714285715,0.35714285714285715,0.42857142857142855,0.5,0.5714285714285714,0.5714285714285714,0.5714285714285714,0.7142857142857143,0.7142857142857143,0.7857142857142857,1.0,1.0,0.45864661654135336,0.0714285714285714,0.1428571428571428,0.1428571428571428,0.1428571428571428,0.1428571428571428,0.2142857142857143,0.2857142857142857,0.3571428571428572,0.3571428571428572,0.4285714285714286,0.5,0.5714285714285714,0.5714285714285714,0.5714285714285714,0.7142857142857143,0.7142857142857143,0.7857142857142857,1.0,1,0.45864661654135336,
IBk_iter18.csv,30,0.02564102564102564,0.07142857142857142,0.03773584905660377,0.026117976644791166,0.97387479796096,0.13325926792188048,0.03794562909013075,0.21428571428571427,0.2857142857142857,0.42857142857142855,0.42857142857142855,0.42857142857142855,0.42857142857142855,0.42857142857142855,0.42857142857142855,0.42857142857142855,0.42857142857142855,0.5,0.6428571428571429,0.7142857142857143,0.8571428571428571,0.9285714285714286,0.9285714285714286,1.0,1.0,1.0,0.6127819548872181,0.21428571428571427,0.2857142857142857,0.42857142857142855,0.42857142857142855,0.42857142857142855,0.42857142857142855,0.42857142857142855,0.42857142857142855,0.42857142857142855,0.42857142857142855,0.5,0.6428571428571429,0.7142857142857143,0.8571428571428571,0.9285714285714286,0.9285714285714286,1.0,1.0,1.0,0.605263157894737,0.2142857142857143,0.2857142857142857,0.4285714285714286,0.4285714285714286,0.4285714285714286,0.4285714285714286,0.4285714285714286,0.4285714285714286,0.4285714285714286,0.4285714285714286,0.5,0.6428571428571429,0.7142857142857143,0.8571428571428571,0.9285714285714286,0.9285714285714286,1.0,1.0,1,0.6052631578947368,
NaiveBayes_iter10.csv,11,0.04017857142857143,0.1836734693877551,0.06593406593406594,0.03985205446709191,0.9348348288731823,0.30771052943266614,0.06280176509019672,0.0625,0.08333333333333333,0.10416666666666667,0.10416666666666667,0.125,0.16666666666666666,0.1875,0.20833333333333334,0.22916666666666666,0.2708333333333333,0.3958333333333333,0.4791666666666667,0.5625,0.6666666666666666,0.7083333333333334,0.8541666666666666,0.8958333333333334,0.9791666666666666,1.0,0.3826754385964912,0.0625,0.08333333333333333,0.10416666666666667,0.10416666666666667,0.125,0.16666666666666666,0.1875,0.20833333333333334,0.22916666666666666,0.2708333333333333,0.3958333333333333,0.4791666666666667,0.5625,0.6666666666666666,0.7083333333333334,0.8541666666666666,0.8958333333333334,0.9791666666666666,1.0,0.425438596491228,0.0625,0.08333333333333337,0.10416666666666663,0.10416666666666663,0.125,0.16666666666666663,0.1875,0.20833333333333337,0.22916666666666663,0.27083333333333326,0.39583333333333326,0.47916666666666674,0.5625,0.6666666666666666,0.7083333333333334,0.8541666666666666,0.8958333333333334,0.9791666666666666,1,0.425438596491228,
IBk_CostSensitive_iter7.csv,0,0.2191780821917808,0.38095238095238093,0.2782608695652174,0.22973791915628394,0.8574758983347942,0.5495734240626443,0.2794124025142291,0.5121951219512195,0.5365853658536586,0.5853658536585366,0.5853658536585366,0.5853658536585366,0.6097560975609756,0.6097560975609756,0.6341463414634146,0.6829268292682927,0.6829268292682927,0.7317073170731707,0.7804878048780488,0.7804878048780488,0.8048780487804879,0.8292682926829268,0.8536585365853658,0.8536585365853658,0.9512195121951219,1.0,0.6726572528883183,0.5121951219512195,0.5365853658536586,0.5853658536585366,0.5853658536585366,0.5853658536585366,0.6097560975609756,0.6097560975609756,0.6341463414634146,0.6829268292682927,0.6829268292682927,0.7317073170731707,0.7804878048780488,0.7804878048780488,0.8048780487804879,0.8292682926829268,0.8536585365853658,0.8536585365853658,0.9512195121951219,1.0,0.7163029525032092,0.5121951219512195,0.5365853658536586,0.5853658536585366,0.5853658536585366,0.5853658536585366,0.6097560975609756,0.6097560975609756,0.6341463414634146,0.6829268292682927,0.6829268292682927,0.7317073170731707,0.7804878048780488,0.7804878048780488,0.8048780487804879,0.8292682926829268,0.8536585365853658,0.8536585365853658,0.9512195121951219,1,0.7163029525032092,
NaiveBayes_SMOTE_iter8.csv,4,0.05194805194805195,0.5714285714285714,0.09523809523809523,0.048365508715407214,0.8671596391860706,0.6856919085613589,0.1390797926597822,0.32727272727272727,0.34545454545454546,0.38181818181818183,0.45454545454545453,0.4909090909090909,0.509090909090909,0.5272727272727272,0.5272727272727272,0.5454545454545454,0.5636363636363636,0.5636363636363636,0.5818181818181818,0.6181818181818182,0.7272727272727273,0.7636363636363637,0.9090909090909091,0.9454545454545454,0.9818181818181818,1.0,0.4574162679425838,0.32727272727272727,0.34545454545454546,0.38181818181818183,0.45454545454545453,0.4909090909090909,0.509090909090909,0.5272727272727272,0.5272727272727272,0.5454545454545454,0.5636363636363636,0.5636363636363636,0.5818181818181818,0.6181818181818182,0.7272727272727273,0.7636363636363637,0.9090909090909091,0.9454545454545454,0.9818181818181818,1.0,0.6191387559808612,0.32727272727272727,0.34545454545454546,0.38181818181818183,0.4545454545454546,0.49090909090909096,0.509090909090909,0.5272727272727272,0.5272727272727272,0.5454545454545454,0.5636363636363636,0.5636363636363636,0.5818181818181818,0.6181818181818182,0.7272727272727273,0.7636363636363637,0.9090909090909091,0.9454545454545454,0.9818181818181818,1,0.6191387559808612,
NaiveBayes_SMOTE_iter9.csv,16,0.04986149584487535,0.34615384615384615,0.08716707021791767,0.04629222149388463,0.8779386872296402,0.5024584301805829,0.10353552421662801,0.29411764705882354,0.3137254901960784,0.37254901960784315,0.39215686274509803,0.45098039215686275,0.45098039215686275,0.47058823529411764,0.49019607843137253,0.5098039215686274,0.5490196078431373,0.5490196078431373,0.5686274509803921,0.7058823529411765,0.8235294117647058,0.9019607843137255,0.9607843137254902,0.9803921568627451,0.9803921568627451,1.0,0.4840041279669762,0.29411764705882354,0.3137254901960784,0.37254901960784315,0.39215686274509803,0.45098039215686275,0.45098039215686275,0.47058823529411764,0.49019607843137253,0.5098039215686274,0.5490196078431373,0.5490196078431373,0.5686274509803921,0.7058823529411765,0.8235294117647058,0.9019607843137255,0.9607843137254902,0.9803921568627451,0.9803921568627451,1.0,0.6191950464396284,0.2941176470588236,0.3137254901960784,0.37254901960784315,0.392156862745098,0.4509803921568627,0.4509803921568627,0.47058823529411764,0.4901960784313726,0.5098039215686274,0.5490196078431373,0.5490196078431373,0.5686274509803921,0.7058823529411765,0.8235294117647058,0.9019607843137255,0.9607843137254902,0.9803921568627451,0.9803921568627451,1,0.6191950464396284,
IBk_CostSensitive_iter6.csv,3,0.216,0.6136363636363636,0.31952662721893493,0.18124108656881918,0.9014505800041023,0.753347890156934,0.3530954289921563,0.5454545454545454,0.5909090909090909,0.6818181818181818,0.7954545454545454,0.8409090909090909,0.8863636363636364,0.9090909090909091,0.9318181818181818,0.9318181818181818,0.9318181818181818,0.9545454545454546,0.9545454545454546,0.9772727272727273,0.9772727272727273,0.9772727272727273,1.0,1.0,1.0,1.0,0.8456937799043062,0.5454545454545454,0.5909090909090909,0.6818181818181818,0.7954545454545454,0.8409090909090909,0.8863636363636364,0.9090909090909091,0.9318181818181818,0.9318181818181818,0.9318181818181818,0.9545454545454546,0.9545454545454546,0.9772727272727273,0.9772727272727273,0.9772727272727273,1.0,1.0,1.0,1.0,0.8887559808612439,0.5454545454545454,0.5909090909090909,0.6818181818181818,0.7954545454545454,0.8409090909090909,0.8863636363636364,0.9090909090909091,0.9318181818181818,0.9318181818181818,0.9318181818181818,0.9545454545454546,0.9545454545454546,0.9772727272727273,0.9772727272727273,0.9772727272727273,1.0,1.0,1.0,1,0.8887559808612439,
NaiveBayes_iter11.csv,8,0.052132701421800945,0.22448979591836735,0.08461538461538462,0.049428414976511244,0.9407108950783816,0.3632713191346073,0.0865222683069308,0.10416666666666667,0.16666666666666666,0.16666666666666666,0.16666666666666666,0.20833333333333334,0.20833333333333334,0.20833333333333334,0.22916666666666666,0.2916666666666667,0.375,0.4583333333333333,0.5625,0.6666666666666666,0.7083333333333334,0.8125,0.8333333333333334,0.8958333333333334,0.9583333333333334,1.0,0.4089912280701754,0.10416666666666667,0.16666666666666666,0.16666666666666666,0.16666666666666666,0.20833333333333334,0.20833333333333334,0.20833333333333334,0.22916666666666666,0.2916666666666667,0.375,0.4583333333333333,0.5625,0.6666666666666666,0.7083333333333334,0.8125,0.8333333333333334,0.8958333333333334,0.9583333333333334,1.0,0.4747807017543859,0.10416666666666663,0.16666666666666663,0.16666666666666663,0.16666666666666663,0.20833333333333337,0.20833333333333337,0.20833333333333337,0.22916666666666663,0.29166666666666674,0.375,0.45833333333333326,0.5625,0.6666666666666666,0.7083333333333334,0.8125,0.8333333333333334,0.8958333333333334,0.9583333333333334,1,0.4747807017543859,
IBk_iter19.csv,6,0.23529411764705882,0.21052631578947367,0.2222222222222222,0.1798934728690892,0.9845766197374068,0.347656871275272,0.21956831679226155,0.3157894736842105,0.5263157894736842,0.5263157894736842,0.5789473684210527,0.631578947368421,0.631578947368421,0.6842105263157895,0.6842105263157895,0.8421052631578947,0.8421052631578947,0.8421052631578947,0.8421052631578947,0.8421052631578947,0.8421052631578947,0.8947368421052632,0.8947368421052632,0.8947368421052632,1.0,1.0,0.6731301939058172,0.3157894736842105,0.5263157894736842,0.5263157894736842,0.5789473684210527,0.631578947368421,0.631578947368421,0.6842105263157895,0.6842105263157895,0.8421052631578947,0.8421052631578947,0.8421052631578947,0.8421052631578947,0.8421052631578947,0.8421052631578947,0.8947368421052632,0.8947368421052632,0.8947368421052632,1.0,1.0,0.7534626038781165,0.3157894736842105,0.5263157894736842,0.5263157894736842,0.5789473684210527,0.631578947368421,0.631578947368421,0.6842105263157895,0.6842105263157895,0.8421052631578947,0.8421052631578947,0.8421052631578947,0.8421052631578947,0.8421052631578947,0.8421052631578947,0.8947368421052632,0.8947368421052632,0.8947368421052632,1.0,1,0.7534626038781165,
RandomForest_BestFirst_iter19.csv,0,1.0,0.10526315789473684,0.19047619047619047,0.4421593050603896,0.9544869042507512,0.1904761904761905,0.32385240893826867,0.42105263157894735,0.47368421052631576,0.631578947368421,0.6842105263157895,0.6842105263157895,0.6842105263157895,0.7368421052631579,0.7894736842105263,0.7894736842105263,0.8421052631578947,0.8421052631578947,0.8421052631578947,0.8947368421052632,0.8947368421052632,0.9473684210526315,1.0,1.0,1.0,1.0,0.7423822714681441,0.42105263157894735,0.47368421052631576,0.631578947368421,0.6842105263157895,0.6842105263157895,0.6842105263157895,0.7368421052631579,0.7894736842105263,0.7894736842105263,0.8421052631578947,0.8421052631578947,0.8421052631578947,0.8947368421052632,0.8947368421052632,0.9473684210526315,1.0,1.0,1.0,1.0,0.7977839335180056,0.42105263157894735,0.4736842105263157,0.631578947368421,0.6842105263157895,0.6842105263157895,0.6842105263157895,0.7368421052631579,0.7894736842105263,0.7894736842105263,0.8421052631578947,0.8421052631578947,0.8421052631578947,0.8947368421052632,0.8947368421052632,0.9473684210526315,1.0,1.0,1.0,1,0.7977839335180056,
IBk_iter25.csv,626,0.0,0.0,0.0,0.0003560652911302262,0.9919288079470199,0.0,-0.0015598852786299366,0.2631578947368421,0.5263157894736842,0.631578947368421,0.631578947368421,0.631578947368421,0.631578947368421,0.631578947368421,0.631578947368421,0.631578947368421,0.7368421052631579,0.7368421052631579,0.7894736842105263,0.8421052631578947,0.8421052631578947,0.8421052631578947,0.8421052631578947,0.9473684210526315,0.9473684210526315,1.0,0.7285318559556788,0.2631578947368421,0.5263157894736842,0.631578947368421,0.631578947368421,0.631578947368421,0.631578947368421,0.631578947368421,0.631578947368421,0.631578947368421,0.7368421052631579,0.7368421052631579,0.7894736842105263,0.8421052631578947,0.8421052631578947,0.8421052631578947,0.8421052631578947,0.9473684210526315,0.9473684210526315,1.0,0.7229916897506925,0.26315789473684204,0.5263157894736842,0.631578947368421,0.631578947368421,0.631578947368421,0.631578947368421,0.631578947368421,0.631578947368421,0.631578947368421,0.7368421052631579,0.7368421052631579,0.7894736842105263,0.8421052631578947,0.8421052631578947,0.8421052631578947,0.8421052631578947,0.9473684210526315,0.9473684210526315,1,0.7229916897506925,
RandomForest_BestFirst_iter25.csv,17,0,0.0,0.0,0.0003560652911302262,0.9751546706169398,0.0,0,0.10526315789473684,0.15789473684210525,0.21052631578947367,0.3157894736842105,0.42105263157894735,0.42105263157894735,0.47368421052631576,0.5263157894736842,0.631578947368421,0.7368421052631579,0.7894736842105263,0.8421052631578947,0.8421052631578947,0.8421052631578947,0.8421052631578947,0.8421052631578947,0.8947368421052632,0.9473684210526315,1.0,0.6094182825484765,0.10526315789473684,0.15789473684210525,0.21052631578947367,0.3157894736842105,0.42105263157894735,0.42105263157894735,0.47368421052631576,0.5263157894736842,0.631578947368421,0.7368421052631579,0.7894736842105263,0.8421052631578947,0.8421052631578947,0.8421052631578947,0.8421052631578947,0.8421052631578947,0.8947368421052632,0.9473684210526315,1.0,0.6232686980609419,0.10526315789473684,0.1578947368421053,0.21052631578947367,0.3157894736842105,0.42105263157894735,0.42105263157894735,0.4736842105263157,0.5263157894736842,0.631578947368421,0.7368421052631579,0.7894736842105263,0.8421052631578947,0.8421052631578947,0.8421052631578947,0.8421052631578947,0.8421052631578947,0.8947368421052632,0.9473684210526315,1,0.6232686980609419,
RandomForest_iter3.csv,0,1.0,0.1,0.18181818181818182,0.5154465787377179,0.9984369912080756,0.18181818181818182,0.3157654069206952,1.0,1.0,1.0,1.0,1.0,1.0,1.0,1.0,1.0,1.0,1.0,1.0,1.0,1.0,1.0,1.0,1.0,1.0,1.0,1.0,1.0,1.0,1.0,1.0,1.0,1.0,1.0,1.0,1.0,1.0,1.0,1.0,1.0,1.0,1.0,1.0,1.0,1.0,1.0,1.0,1.0,1.0,1.0,1.0,1.0,1.0,1.0,1.0,1.0,1.0,1.0,1.0,1.0,1.0,1.0,1.0,1.0,1.0,1,1.0,
NaiveBayes_CostSensitive_iter7.csv,20,0.037800687285223365,0.2619047619047619,0.06606606606606606,0.036318589521723316,0.9195092024539863,0.4088338270939941,0.07574624320649455,0.1951219512195122,0.1951219512195122,0.21951219512195122,0.21951219512195122,0.24390243902439024,0.2682926829268293,0.2682926829268293,0.2682926829268293,0.2926829268292683,0.36585365853658536,0.43902439024390244,0.5365853658536586,0.5365853658536586,0.5853658536585366,0.7317073170731707,0.7804878048780488,0.8780487804878049,0.9512195121951219,1.0,0.39409499358151473,0.1951219512195122,0.1951219512195122,0.21951219512195122,0.21951219512195122,0.24390243902439024,0.2682926829268293,0.2682926829268293,0.2682926829268293,0.2926829268292683,0.36585365853658536,0.43902439024390244,0.5365853658536586,0.5365853658536586,0.5853658536585366,0.7317073170731707,0.7804878048780488,0.8780487804878049,0.9512195121951219,1.0,0.47240051347881895,0.19512195121951215,0.19512195121951215,0.2195121951219512,0.2195121951219512,0.24390243902439024,0.2682926829268293,0.2682926829268293,0.2682926829268293,0.29268292682926833,0.36585365853658536,0.4390243902439024,0.5365853658536586,0.5365853658536586,0.5853658536585366,0.7317073170731707,0.7804878048780488,0.8780487804878049,0.9512195121951219,1,0.47240051347881895,
IBk_SMOTE_iter22.csv,1502,0.0,0.0,0.0,7.285841787945574e-05,0.9358331662322037,0.0,-0.0026090129205309587,0.25,0.25,0.25,0.25,0.25,0.25,0.25,0.25,0.25,0.25,0.25,0.25,0.25,0.5,0.75,0.75,0.75,0.75,1.0,0.618421052631579,0.25,0.25,0.25,0.25,0.25,0.25,0.25,0.25,0.25,0.25,0.25,0.25,0.25,0.5,0.75,0.75,0.75,0.75,1.0,0.40789473684210525,0.25,0.25,0.25,0.25,0.25,0.25,0.25,0.25,0.25,0.25,0.25,0.25,0.25,0.5,0.75,0.75,0.75,0.75,1,0.40789473684210525,
NaiveBayes_BestFirst_iter28.csv,23,0.09195402298850575,0.1702127659574468,0.11940298507462686,0.07095781644781575,0.9810148689258119,0.29043144366188034,0.11722165253658297,0.15217391304347827,0.1956521739130435,0.21739130434782608,0.2826086956521739,0.34782608695652173,0.3695652173913043,0.391304347826087,0.41304347826086957,0.45652173913043476,0.5,0.5217391304347826,0.5869565217391305,0.6739130434782609,0.6956521739130435,0.7608695652173914,0.7608695652173914,0.8478260869565217,0.9347826086956522,1.0,0.5263157894736842,0.15217391304347827,0.1956521739130435,0.21739130434782608,0.2826086956521739,0.34782608695652173,0.3695652173913043,0.391304347826087,0.41304347826086957,0.45652173913043476,0.5,0.5217391304347826,0.5869565217391305,0.6739130434782609,0.6956521739130435,0.7608695652173914,0.7608695652173914,0.8478260869565217,0.9347826086956522,1.0,0.5320366132723112,0.15217391304347827,0.19565217391304346,0.21739130434782605,0.28260869565217384,0.34782608695652173,0.3695652173913043,0.3913043478260869,0.4130434782608696,0.4565217391304348,0.5,0.5217391304347826,0.5869565217391305,0.6739130434782609,0.6956521739130435,0.7608695652173914,0.7608695652173914,0.8478260869565217,0.9347826086956522,1,0.5320366132723112,
IBk_CostSensitive_iter24.csv,2271,0.0,0.0,0.0,0.0002889865697294173,0.9877475662974152,0.0,-0.0019336969199831788,0.05263157894736842,0.15789473684210525,0.15789473684210525,0.15789473684210525,0.21052631578947367,0.3157894736842105,0.47368421052631576,0.5263157894736842,0.6842105263157895,0.7894736842105263,0.7894736842105263,0.8421052631578947,0.8947368421052632,0.8947368421052632,0.8947368421052632,0.8947368421052632,0.8947368421052632,1.0,1.0,0.5124653739612188,0.05263157894736842,0.15789473684210525,0.15789473684210525,0.15789473684210525,0.21052631578947367,0.3157894736842105,0.47368421052631576,0.5263157894736842,0.6842105263157895,0.7894736842105263,0.7894736842105263,0.8421052631578947,0.8947368421052632,0.8947368421052632,0.8947368421052632,0.8947368421052632,0.8947368421052632,1.0,1.0,0.6121883656509696,0.05263157894736836,0.1578947368421053,0.1578947368421053,0.1578947368421053,0.21052631578947367,0.3157894736842105,0.4736842105263157,0.5263157894736842,0.6842105263157895,0.7894736842105263,0.7894736842105263,0.8421052631578947,0.8947368421052632,0.8947368421052632,0.8947368421052632,0.8947368421052632,0.8947368421052632,1.0,1,0.6121883656509696,
NaiveBayes_BestFirst_iter14.csv,3,0.17105263157894737,0.34210526315789475,0.22807017543859648,0.1799403043608484,0.9387484226563513,0.5036885145856219,0.21269267771472894,0.12389380530973451,0.1504424778761062,0.18584070796460178,0.20353982300884957,0.23893805309734514,0.3008849557522124,0.35398230088495575,0.39823008849557523,0.40707964601769914,0.5221238938053098,0.6017699115044248,0.6371681415929203,0.6991150442477876,0.7168141592920354,0.7699115044247787,0.7964601769911505,0.8407079646017699,0.9380530973451328,1.0,0.3677329048574626,0.12389380530973451,0.1504424778761062,0.18584070796460178,0.20353982300884957,0.23893805309734514,0.3008849557522124,0.35398230088495575,0.39823008849557523,0.40707964601769914,0.5221238938053098,0.6017699115044248,0.6371681415929203,0.6991150442477876,0.7168141592920354,0.7699115044247787,0.7964601769911505,0.8407079646017699,0.9380530973451328,1.0,0.4658232634974252,0.13084112149532712,0.1504424778761062,0.18584070796460184,0.20353982300884954,0.23893805309734517,0.3008849557522124,0.35398230088495575,0.3982300884955752,0.4070796460176991,0.5221238938053098,0.6017699115044248,0.6371681415929203,0.6991150442477876,0.7168141592920354,0.7699115044247787,0.7964601769911505,0.4374999999999999,0.3000000000000004,1,0.52026082906381,
IBk_CostSensitive_iter18.csv,30,0.046875,0.21428571428571427,0.07692307692307693,0.03311440368889729,0.8398452070123089,0.3521053857501488,0.09453097256493578,0.21428571428571427,0.2857142857142857,0.42857142857142855,0.42857142857142855,0.42857142857142855,0.42857142857142855,0.42857142857142855,0.42857142857142855,0.42857142857142855,0.42857142857142855,0.5,0.6428571428571429,0.7142857142857143,0.8571428571428571,0.9285714285714286,0.9285714285714286,1.0,1.0,1.0,0.6127819548872181,0.21428571428571427,0.2857142857142857,0.42857142857142855,0.42857142857142855,0.42857142857142855,0.42857142857142855,0.42857142857142855,0.42857142857142855,0.42857142857142855,0.42857142857142855,0.5,0.6428571428571429,0.7142857142857143,0.8571428571428571,0.9285714285714286,0.9285714285714286,1.0,1.0,1.0,0.605263157894737,0.2142857142857143,0.2857142857142857,0.4285714285714286,0.4285714285714286,0.4285714285714286,0.4285714285714286,0.4285714285714286,0.4285714285714286,0.4285714285714286,0.4285714285714286,0.5,0.6428571428571429,0.7142857142857143,0.8571428571428571,0.9285714285714286,0.9285714285714286,1.0,1.0,1,0.6052631578947368,
RandomForest_iter11.csv,0,1.0,0.5102040816326531,0.6756756756756757,0.812099306276396,0.9703702970395045,0.6756756756756758,0.7122158165333979,0.8333333333333334,0.8541666666666666,0.875,0.875,0.875,0.8958333333333334,0.9166666666666666,0.9375,0.9375,0.9375,0.9375,0.9375,0.9375,0.9583333333333334,0.9583333333333334,0.9791666666666666,1.0,1.0,1.0,0.9111842105263158,0.8333333333333334,0.8541666666666666,0.875,0.875,0.875,0.8958333333333334,0.9166666666666666,0.9375,0.9375,0.9375,0.9375,0.9375,0.9375,0.9583333333333334,0.9583333333333334,0.9791666666666666,1.0,1.0,1.0,0.9287280701754387,0.8333333333333334,0.8541666666666666,0.875,0.875,0.875,0.8958333333333334,0.9166666666666666,0.9375,0.9375,0.9375,0.9375,0.9375,0.9375,0.9583333333333334,0.9583333333333334,0.9791666666666666,1.0,1.0,1,0.9287280701754387,
NaiveBayes_SMOTE_iter25.csv,15,0.01968503937007874,0.5263157894736842,0.03795066413662239,0.0213375027223309,0.905531108400138,0.6633707314833238,0.0863402714715757,0.15789473684210525,0.21052631578947367,0.2631578947368421,0.2631578947368421,0.3157894736842105,0.3157894736842105,0.3157894736842105,0.3684210526315789,0.47368421052631576,0.47368421052631576,0.5263157894736842,0.5263157894736842,0.631578947368421,0.7894736842105263,0.7894736842105263,0.8421052631578947,0.8947368421052632,0.9473684210526315,1.0,0.5484764542936288,0.15789473684210525,0.21052631578947367,0.2631578947368421,0.2631578947368421,0.3157894736842105,0.3157894736842105,0.3157894736842105,0.3684210526315789,0.47368421052631576,0.47368421052631576,0.5263157894736842,0.5263157894736842,0.631578947368421,0.7894736842105263,0.7894736842105263,0.8421052631578947,0.8947368421052632,0.9473684210526315,1.0,0.5318559556786704,0.1578947368421053,0.21052631578947367,0.26315789473684204,0.26315789473684204,0.3157894736842105,0.3157894736842105,0.3157894736842105,0.368421052631579,0.4736842105263157,0.4736842105263157,0.5263157894736842,0.5263157894736842,0.631578947368421,0.7894736842105263,0.7894736842105263,0.8421052631578947,0.8947368421052632,0.9473684210526315,1,0.5318559556786704,
RandomForest_CostSensitive_iter17.csv,0,0.5,0.5757575757575758,0.5352112676056338,0.47998919698671083,0.9022946962610194,0.7295794339835382,0.5327141472819765,0.6363636363636364,0.6666666666666666,0.696969696969697,0.696969696969697,0.7575757575757576,0.7575757575757576,0.7878787878787878,0.7878787878787878,0.7878787878787878,0.7878787878787878,0.8181818181818182,0.8484848484848485,0.8787878787878788,0.8787878787878788,0.9090909090909091,0.9696969696969697,1.0,1.0,1.0,0.8245614035087719,0.6363636363636364,0.6666666666666666,0.696969696969697,0.696969696969697,0.7575757575757576,0.7575757575757576,0.7878787878787878,0.7878787878787878,0.7878787878787878,0.7878787878787878,0.8181818181818182,0.8484848484848485,0.8787878787878788,0.8787878787878788,0.9090909090909091,0.9696969696969697,1.0,1.0,1.0,0.8245614035087719,0.6363636363636364,0.6666666666666666,0.696969696969697,0.696969696969697,0.7575757575757576,0.7575757575757576,0.7878787878787878,0.7878787878787878,0.7878787878787878,0.7878787878787878,0.8181818181818182,0.8484848484848485,0.8787878787878788,0.8787878787878788,0.9090909090909091,0.9696969696969697,1.0,1.0,1,0.8245614035087719,
NaiveBayes_SMOTE_iter19.csv,28,0.020594965675057208,0.47368421052631576,0.039473684210526314,0.019051548625867873,0.9066574766671948,0.6226081836914924,0.083442633535772,0.15789473684210525,0.21052631578947367,0.3157894736842105,0.3157894736842105,0.3684210526315789,0.47368421052631576,0.5789473684210527,0.5789473684210527,0.5789473684210527,0.5789473684210527,0.631578947368421,0.631578947368421,0.7368421052631579,0.7368421052631579,0.7894736842105263,0.8421052631578947,0.9473684210526315,0.9473684210526315,1.0,0.49584487534626026,0.15789473684210525,0.21052631578947367,0.3157894736842105,0.3157894736842105,0.3684210526315789,0.47368421052631576,0.5789473684210527,0.5789473684210527,0.5789473684210527,0.5789473684210527,0.631578947368421,0.631578947368421,0.7368421052631579,0.7368421052631579,0.7894736842105263,0.8421052631578947,0.9473684210526315,0.9473684210526315,1.0,0.6011080332409973,0.1578947368421053,0.21052631578947367,0.3157894736842105,0.3157894736842105,0.368421052631579,0.4736842105263157,0.5789473684210527,0.5789473684210527,0.5789473684210527,0.5789473684210527,0.631578947368421,0.631578947368421,0.7368421052631579,0.7368421052631579,0.7894736842105263,0.8421052631578947,0.9473684210526315,0.9473684210526315,1,0.6011080332409972,
IBk_BestFirst_iter19.csv,0,1.0,0.10526315789473684,0.19047619047619047,0.5763497042644686,0.9417075320331744,0.1904761904761905,0.32385240893826867,0.42105263157894735,0.5789473684210527,0.631578947368421,0.631578947368421,0.631578947368421,0.6842105263157895,0.6842105263157895,0.6842105263157895,0.7368421052631579,0.8421052631578947,0.8421052631578947,0.8421052631578947,0.8947368421052632,0.8947368421052632,0.9473684210526315,0.9473684210526315,0.9473684210526315,0.9473684210526315,1.0,0.7119113573407203,0.42105263157894735,0.5789473684210527,0.631578947368421,0.631578947368421,0.631578947368421,0.6842105263157895,0.6842105263157895,0.6842105263157895,0.7368421052631579,0.8421052631578947,0.8421052631578947,0.8421052631578947,0.8947368421052632,0.8947368421052632,0.9473684210526315,0.9473684210526315,0.9473684210526315,0.9473684210526315,1.0,0.778393351800554,0.42105263157894735,0.5789473684210527,0.631578947368421,0.631578947368421,0.631578947368421,0.6842105263157895,0.6842105263157895,0.6842105263157895,0.7368421052631579,0.8421052631578947,0.8421052631578947,0.8421052631578947,0.8947368421052632,0.8947368421052632,0.9473684210526315,0.9473684210526315,0.9473684210526315,0.9473684210526315,1,0.778393351800554,
NaiveBayes_CostSensitive_iter13.csv,13,0.08178438661710037,0.3728813559322034,0.13414634146341464,0.07448828897420628,0.9292698037574516,0.5339865890925453,0.15050384591865737,0.1724137931034483,0.2413793103448276,0.27586206896551724,0.29310344827586204,0.29310344827586204,0.3448275862068966,0.3448275862068966,0.3620689655172414,0.3793103448275862,0.43103448275862066,0.46551724137931033,0.603448275862069,0.7758620689655172,0.7931034482758621,0.8448275862068966,0.8620689655172413,0.9137931034482759,0.9827586206896551,1.0,0.46680676282357436,0.1724137931034483,0.2413793103448276,0.27586206896551724,0.29310344827586204,0.29310344827586204,0.3448275862068966,0.3448275862068966,0.3620689655172414,0.3793103448275862,0.43103448275862066,0.46551724137931033,0.603448275862069,0.7758620689655172,0.7931034482758621,0.8448275862068966,0.8620689655172413,0.9137931034482759,0.9827586206896551,1.0,0.5458018912981182,0.1724137931034483,0.24137931034482762,0.27586206896551724,0.2931034482758621,0.2931034482758621,0.3448275862068966,0.3448275862068966,0.3620689655172413,0.3793103448275862,0.43103448275862066,0.4655172413793103,0.603448275862069,0.7758620689655172,0.7931034482758621,0.8448275862068966,0.8620689655172413,0.9137931034482759,0.9736842105263157,1,0.5462794918330309,
IBk_BestFirst_iter25.csv,16,0,0.0,0.0,0.0003560652911302262,0.9751546706169398,0.0,0,0.10526315789473684,0.15789473684210525,0.2631578947368421,0.42105263157894735,0.42105263157894735,0.42105263157894735,0.47368421052631576,0.5263157894736842,0.5789473684210527,0.7368421052631579,0.7894736842105263,0.7894736842105263,0.7894736842105263,0.7894736842105263,0.9473684210526315,0.9473684210526315,0.9473684210526315,1.0,1.0,0.6011080332409973,0.10526315789473684,0.15789473684210525,0.2631578947368421,0.42105263157894735,0.42105263157894735,0.42105263157894735,0.47368421052631576,0.5263157894736842,0.5789473684210527,0.7368421052631579,0.7894736842105263,0.7894736842105263,0.7894736842105263,0.7894736842105263,0.9473684210526315,0.9473684210526315,0.9473684210526315,1.0,1.0,0.6371191135734072,0.10526315789473684,0.1578947368421053,0.26315789473684204,0.42105263157894735,0.42105263157894735,0.42105263157894735,0.4736842105263157,0.5263157894736842,0.5789473684210527,0.7368421052631579,0.7894736842105263,0.7894736842105263,0.7894736842105263,0.7894736842105263,0.9473684210526315,0.9473684210526315,0.9473684210526315,1.0,1,0.6371191135734072,
IBk_BestFirst_iter4.csv,0,1.0,0.058823529411764705,0.1111111111111111,0.7883525630306746,0.9775038520801232,0.1111111111111111,0.24193989647311287,0.7058823529411765,0.7647058823529411,0.7647058823529411,0.8235294117647058,0.8235294117647058,0.8235294117647058,0.8235294117647058,0.8235294117647058,0.8235294117647058,0.8823529411764706,0.8823529411764706,0.8823529411764706,0.9411764705882353,0.9411764705882353,1.0,1.0,1.0,1.0,1.0,0.86687306501548,0.7058823529411765,0.7647058823529411,0.7647058823529411,0.8235294117647058,0.8235294117647058,0.8235294117647058,0.8235294117647058,0.8235294117647058,0.8235294117647058,0.8823529411764706,0.8823529411764706,0.8823529411764706,0.9411764705882353,0.9411764705882353,1.0,1.0,1.0,1.0,1.0,0.8792569659442723,0.7058823529411765,0.7647058823529411,0.7647058823529411,0.8235294117647058,0.8235294117647058,0.8235294117647058,0.8235294117647058,0.8235294117647058,0.8235294117647058,0.8823529411764706,0.8823529411764706,0.8823529411764706,0.9411764705882353,0.9411764705882353,1.0,1.0,1.0,1.0,1,0.8792569659442723,
RandomForest_SMOTE_iter25.csv,6,0.0,0.0,0.0,0.021917836852901787,0.9084502439874521,0.0,-0.0012735096595952033,0.21052631578947367,0.3157894736842105,0.3684210526315789,0.3684210526315789,0.5263157894736842,0.5789473684210527,0.7368421052631579,0.7894736842105263,0.7894736842105263,0.8947368421052632,0.8947368421052632,0.9473684210526315,0.9473684210526315,0.9473684210526315,0.9473684210526315,1.0,1.0,1.0,1.0,0.7534626038781164,0.21052631578947367,0.3157894736842105,0.3684210526315789,0.3684210526315789,0.5263157894736842,0.5789473684210527,0.7368421052631579,0.7894736842105263,0.7894736842105263,0.8947368421052632,0.8947368421052632,0.9473684210526315,0.9473684210526315,0.9473684210526315,0.9473684210526315,1.0,1.0,1.0,1.0,0.7506925207756233,0.21052631578947367,0.3157894736842105,0.368421052631579,0.368421052631579,0.5263157894736842,0.5789473684210527,0.7368421052631579,0.7894736842105263,0.7894736842105263,0.8947368421052632,0.8947368421052632,0.9473684210526315,0.9473684210526315,0.9473684210526315,0.9473684210526315,1.0,1.0,1.0,1,0.7506925207756233,
RandomForest_SMOTE_iter19.csv,1,0.17391304347826086,0.21052631578947367,0.19047619047619047,0.1454358932822837,0.8675171182572136,0.3475785076751613,0.18771918825664788,0.3684210526315789,0.5263157894736842,0.5789473684210527,0.5789473684210527,0.631578947368421,0.631578947368421,0.631578947368421,0.631578947368421,0.631578947368421,0.6842105263157895,0.7894736842105263,0.8421052631578947,0.8421052631578947,0.9473684210526315,0.9473684210526315,0.9473684210526315,0.9473684210526315,1.0,1.0,0.7036011080332409,0.3684210526315789,0.5263157894736842,0.5789473684210527,0.5789473684210527,0.631578947368421,0.631578947368421,0.631578947368421,0.631578947368421,0.631578947368421,0.6842105263157895,0.7894736842105263,0.8421052631578947,0.8421052631578947,0.9473684210526315,0.9473684210526315,0.9473684210526315,0.9473684210526315,1.0,1.0,0.7451523545706372,0.368421052631579,0.5263157894736842,0.5789473684210527,0.5789473684210527,0.631578947368421,0.631578947368421,0.631578947368421,0.631578947368421,0.631578947368421,0.6842105263157895,0.7894736842105263,0.8421052631578947,0.8421052631578947,0.9473684210526315,0.9473684210526315,0.9473684210526315,0.9473684210526315,1.0,1,0.7451523545706372,
IBk_iter8.csv,0,0.25,0.14285714285714285,0.18181818181818182,0.22523073084286924,0.9847300888049786,0.24981549815498152,0.18068218085304805,0.41818181818181815,0.45454545454545453,0.4909090909090909,0.5636363636363636,0.6181818181818182,0.6727272727272727,0.7636363636363637,0.7636363636363637,0.7818181818181819,0.8727272727272727,0.9090909090909091,0.9090909090909091,0.9272727272727272,0.9272727272727272,0.9272727272727272,0.9272727272727272,0.9454545454545454,0.9818181818181818,1.0,0.6488038277511962,0.41818181818181815,0.45454545454545453,0.4909090909090909,0.5636363636363636,0.6181818181818182,0.6727272727272727,0.7636363636363637,0.7636363636363637,0.7818181818181819,0.8727272727272727,0.9090909090909091,0.9090909090909091,0.9272727272727272,0.9272727272727272,0.9272727272727272,0.9272727272727272,0.9454545454545454,0.9818181818181818,1.0,0.781818181818182,0.4181818181818182,0.4545454545454546,0.49090909090909096,0.5636363636363636,0.6181818181818182,0.6727272727272727,0.7636363636363637,0.7636363636363637,0.7818181818181819,0.8727272727272727,0.9090909090909091,0.9090909090909091,0.9272727272727272,0.9272727272727272,0.9272727272727272,0.9272727272727272,0.9454545454545454,0.9818181818181818,1,0.781818181818182,
IBk_iter9.csv,0,0.9142857142857143,0.6153846153846154,0.735632183908046,0.7006005114832905,0.9865713748354336,0.7616917682962343,0.7476453367727325,0.9411764705882353,0.9607843137254902,0.9607843137254902,0.9803921568627451,0.9803921568627451,0.9803921568627451,1.0,1.0,1.0,1.0,1.0,1.0,1.0,1.0,1.0,1.0,1.0,1.0,1.0,0.9907120743034056,0.9411764705882353,0.9607843137254902,0.9607843137254902,0.9803921568627451,0.9803921568627451,0.9803921568627451,1.0,1.0,1.0,1.0,1.0,1.0,1.0,1.0,1.0,1.0,1.0,1.0,1.0,0.9896800825593396,0.9411764705882353,0.9607843137254902,0.9607843137254902,0.9803921568627451,0.9803921568627451,0.9803921568627451,1.0,1.0,1.0,1.0,1.0,1.0,1.0,1.0,1.0,1.0,1.0,1.0,1,0.9896800825593396,
RandomForest_SMOTE_iter18.csv,83,0.0,0.0,0.0,0.0031358424770485988,0.8587280865348753,0.0,-0.005895063929876776,0.2857142857142857,0.35714285714285715,0.35714285714285715,0.42857142857142855,0.7142857142857143,0.7142857142857143,0.8571428571428571,0.8571428571428571,0.8571428571428571,0.8571428571428571,0.8571428571428571,0.8571428571428571,0.8571428571428571,0.9285714285714286,0.9285714285714286,0.9285714285714286,0.9285714285714286,1.0,1.0,0.7857142857142857,0.2857142857142857,0.35714285714285715,0.35714285714285715,0.42857142857142855,0.7142857142857143,0.7142857142857143,0.8571428571428571,0.8571428571428571,0.8571428571428571,0.8571428571428571,0.8571428571428571,0.8571428571428571,0.8571428571428571,0.9285714285714286,0.9285714285714286,0.9285714285714286,0.9285714285714286,1.0,1.0,0.7669172932330827,0.2857142857142857,0.3571428571428572,0.3571428571428572,0.4285714285714286,0.7142857142857143,0.7142857142857143,0.8571428571428571,0.8571428571428571,0.8571428571428571,0.8571428571428571,0.8571428571428571,0.8571428571428571,0.8571428571428571,0.9285714285714286,0.9285714285714286,0.9285714285714286,0.9285714285714286,1.0,1,0.7669172932330827,
RandomForest_SMOTE_iter24.csv,41,0.0,0.0,0.0,0.0022652711547096545,0.790365894595502,0.0,-0.0007305017432043106,0.05263157894736842,0.10526315789473684,0.21052631578947367,0.3157894736842105,0.3684210526315789,0.42105263157894735,0.42105263157894735,0.47368421052631576,0.47368421052631576,0.5263157894736842,0.5789473684210527,0.7894736842105263,0.8947368421052632,0.8947368421052632,0.8947368421052632,0.9473684210526315,0.9473684210526315,1.0,1.0,0.5900277008310248,0.05263157894736842,0.10526315789473684,0.21052631578947367,0.3157894736842105,0.3684210526315789,0.42105263157894735,0.42105263157894735,0.47368421052631576,0.47368421052631576,0.5263157894736842,0.5789473684210527,0.7894736842105263,0.8947368421052632,0.8947368421052632,0.8947368421052632,0.9473684210526315,0.9473684210526315,1.0,1.0,0.595567867036011,0.05263157894736836,0.10526315789473684,0.21052631578947367,0.3157894736842105,0.368421052631579,0.42105263157894735,0.42105263157894735,0.4736842105263157,0.4736842105263157,0.5263157894736842,0.5789473684210527,0.7894736842105263,0.8947368421052632,0.8947368421052632,0.8947368421052632,0.9473684210526315,0.9473684210526315,1.0,1,0.595567867036011,
IBk_BestFirst_iter5.csv,0,1.0,0.01680672268907563,0.03305785123966942,0.7074066504772667,0.9603376030914824,0.03305785123966942,0.12761809020761494,0.2033898305084746,0.2288135593220339,0.2457627118644068,0.2796610169491525,0.3220338983050847,0.3389830508474576,0.423728813559322,0.559322033898305,0.6864406779661016,0.7203389830508474,0.788135593220339,0.8135593220338984,0.8220338983050848,0.8559322033898306,0.8983050847457628,0.9152542372881356,0.9576271186440678,0.9830508474576272,1.0,0.6238085686013566,0.2033898305084746,0.2288135593220339,0.2457627118644068,0.2796610169491525,0.3220338983050847,0.3389830508474576,0.423728813559322,0.559322033898305,0.6864406779661016,0.7203389830508474,0.788135593220339,0.8135593220338984,0.8220338983050848,0.8559322033898306,0.8983050847457628,0.9152542372881356,0.9576271186440678,0.9830508474576272,1.0,0.6100334883902966,0.2264150943396226,0.23478260869565215,0.2457627118644068,0.27966101694915246,0.3220338983050848,0.3389830508474576,0.423728813559322,0.559322033898305,0.6864406779661016,0.7203389830508474,0.788135593220339,0.8135593220338984,0.8220338983050848,0.8559322033898306,0.8983050847457628,0.8148148148148149,0.782608695652174,0.7777777777777785,1,0.6338090990187332,
IBk_BestFirst_iter24.csv,6,0.0,0.0,0.0,0.0002889865697294173,0.9880302468154273,0.0,-0.001633998500607062,0.15789473684210525,0.21052631578947367,0.42105263157894735,0.5263157894736842,0.5789473684210527,0.5789473684210527,0.5789473684210527,0.5789473684210527,0.5789473684210527,0.5789473684210527,0.7368421052631579,0.7368421052631579,0.7368421052631579,0.7894736842105263,0.7894736842105263,0.8421052631578947,0.8421052631578947,0.9473684210526315,1.0,0.6066481994459835,0.15789473684210525,0.21052631578947367,0.42105263157894735,0.5263157894736842,0.5789473684210527,0.5789473684210527,0.5789473684210527,0.5789473684210527,0.5789473684210527,0.5789473684210527,0.7368421052631579,0.7368421052631579,0.7368421052631579,0.7894736842105263,0.7894736842105263,0.8421052631578947,0.8421052631578947,0.9473684210526315,1.0,0.6426592797783934,0.1578947368421053,0.21052631578947367,0.42105263157894735,0.5263157894736842,0.5789473684210527,0.5789473684210527,0.5789473684210527,0.5789473684210527,0.5789473684210527,0.5789473684210527,0.7368421052631579,0.7368421052631579,0.7368421052631579,0.7894736842105263,0.7894736842105263,0.8421052631578947,0.8421052631578947,0.9473684210526315,1,0.6426592797783934,
IBk_BestFirst_iter18.csv,15,0.0,0.0,0.0,0.00416199767226946,0.8226718885987817,0.0,-0.001992424968478095,0.14285714285714285,0.21428571428571427,0.21428571428571427,0.21428571428571427,0.21428571428571427,0.35714285714285715,0.35714285714285715,0.35714285714285715,0.42857142857142855,0.5,0.5714285714285714,0.5714285714285714,0.5714285714285714,0.5714285714285714,0.7142857142857143,0.7142857142857143,0.8571428571428571,0.9285714285714286,1.0,0.4924812030075188,0.14285714285714285,0.21428571428571427,0.21428571428571427,0.21428571428571427,0.21428571428571427,0.35714285714285715,0.35714285714285715,0.35714285714285715,0.42857142857142855,0.5,0.5714285714285714,0.5714285714285714,0.5714285714285714,0.5714285714285714,0.7142857142857143,0.7142857142857143,0.8571428571428571,0.9285714285714286,1.0,0.4999999999999999,0.1428571428571428,0.2142857142857143,0.2142857142857143,0.2142857142857143,0.2142857142857143,0.3571428571428572,0.3571428571428572,0.3571428571428572,0.4285714285714286,0.5,0.5714285714285714,0.5714285714285714,0.5714285714285714,0.5714285714285714,0.7142857142857143,0.7142857142857143,0.8571428571428571,0.9285714285714286,1,0.4999999999999999,
NaiveBayes_CostSensitive_iter12.csv,6,0.05220883534136546,0.24074074074074073,0.0858085808580858,0.04544224803405633,0.9214290175504338,0.38357331002023565,0.08771954891004057,0.1509433962264151,0.1509433962264151,0.18867924528301888,0.20754716981132076,0.20754716981132076,0.24528301886792453,0.24528301886792453,0.2641509433962264,0.2830188679245283,0.37735849056603776,0.5094339622641509,0.5660377358490566,0.660377358490566,0.6792452830188679,0.7547169811320755,0.8490566037735849,0.8867924528301887,0.9433962264150944,1.0,0.40714995034756696,0.1509433962264151,0.1509433962264151,0.18867924528301888,0.20754716981132076,0.20754716981132076,0.24528301886792453,0.24528301886792453,0.2641509433962264,0.2830188679245283,0.37735849056603776,0.5094339622641509,0.5660377358490566,0.660377358490566,0.6792452830188679,0.7547169811320755,0.8490566037735849,0.8867924528301887,0.9433962264150944,1.0,0.48262164846077454,0.15094339622641506,0.15094339622641506,0.18867924528301883,0.2075471698113207,0.2075471698113207,0.24528301886792447,0.24528301886792447,0.26415094339622636,0.28301886792452824,0.37735849056603776,0.5094339622641509,0.5660377358490566,0.660377358490566,0.6792452830188679,0.7547169811320755,0.8490566037735849,0.8867924528301887,0.9433962264150944,1,0.48262164846077454,
NaiveBayes_SMOTE_iter18.csv,26,0.022573363431151242,0.7142857142857143,0.0437636761487965,0.02117187128401173,0.925711799079945,0.7987183668770745,0.11576665499539925,0.14285714285714285,0.2857142857142857,0.42857142857142855,0.5,0.5,0.5714285714285714,0.7142857142857143,0.7142857142857143,0.7142857142857143,0.7142857142857143,0.7142857142857143,0.7142857142857143,0.7857142857142857,0.8571428571428571,0.8571428571428571,0.8571428571428571,0.8571428571428571,0.9285714285714286,1.0,0.6015037593984962,0.14285714285714285,0.2857142857142857,0.42857142857142855,0.5,0.5,0.5714285714285714,0.7142857142857143,0.7142857142857143,0.7142857142857143,0.7142857142857143,0.7142857142857143,0.7142857142857143,0.7857142857142857,0.8571428571428571,0.8571428571428571,0.8571428571428571,0.8571428571428571,0.9285714285714286,1.0,0.6766917293233083,0.1428571428571428,0.2857142857142857,0.4285714285714286,0.5,0.5,0.5714285714285714,0.7142857142857143,0.7142857142857143,0.7142857142857143,0.7142857142857143,0.7142857142857143,0.7142857142857143,0.7857142857142857,0.8571428571428571,0.8571428571428571,0.8571428571428571,0.8571428571428571,0.9285714285714286,1,0.6766917293233083,
RandomForest_CostSensitive_iter16.csv,0,0.32432432432432434,0.5714285714285714,0.41379310344827586,0.35367350818819915,0.8779650852878464,0.7257251079948077,0.4269024857681584,0.5714285714285714,0.6666666666666666,0.6666666666666666,0.6666666666666666,0.6666666666666666,0.7142857142857143,0.7142857142857143,0.8095238095238095,0.8571428571428571,0.8571428571428571,0.8571428571428571,0.8571428571428571,0.8571428571428571,0.8571428571428571,0.9047619047619048,0.9047619047619048,0.9047619047619048,1.0,1.0,0.7994987468671679,0.5714285714285714,0.6666666666666666,0.6666666666666666,0.6666666666666666,0.6666666666666666,0.7142857142857143,0.7142857142857143,0.8095238095238095,0.8571428571428571,0.8571428571428571,0.8571428571428571,0.8571428571428571,0.8571428571428571,0.8571428571428571,0.9047619047619048,0.9047619047619048,0.9047619047619048,1.0,1.0,0.8070175438596492,0.5714285714285714,0.6666666666666666,0.6666666666666666,0.6666666666666666,0.6666666666666666,0.7142857142857143,0.7142857142857143,0.8095238095238095,0.8571428571428571,0.8571428571428571,0.8571428571428571,0.8571428571428571,0.8571428571428571,0.8571428571428571,0.9047619047619048,0.9047619047619048,0.9047619047619048,1.0,1,0.8070175438596492,
NaiveBayes_SMOTE_iter24.csv,7,0.03146853146853147,0.47368421052631576,0.05901639344262295,0.027634979529962907,0.9522623275207156,0.6329374044478556,0.11266083152993313,0.21052631578947367,0.21052631578947367,0.3684210526315789,0.47368421052631576,0.47368421052631576,0.47368421052631576,0.47368421052631576,0.47368421052631576,0.47368421052631576,0.47368421052631576,0.5263157894736842,0.5263157894736842,0.7368421052631579,0.7894736842105263,0.7894736842105263,0.8947368421052632,1.0,1.0,1.0,0.5734072022160666,0.21052631578947367,0.21052631578947367,0.3684210526315789,0.47368421052631576,0.47368421052631576,0.47368421052631576,0.47368421052631576,0.47368421052631576,0.47368421052631576,0.47368421052631576,0.5263157894736842,0.5263157894736842,0.7368421052631579,0.7894736842105263,0.7894736842105263,0.8947368421052632,1.0,1.0,1.0,0.5983379501385041,0.21052631578947367,0.21052631578947367,0.368421052631579,0.4736842105263157,0.4736842105263157,0.4736842105263157,0.4736842105263157,0.4736842105263157,0.4736842105263157,0.4736842105263157,0.5263157894736842,0.5263157894736842,0.7368421052631579,0.7894736842105263,0.7894736842105263,0.8947368421052632,1.0,1.0,1,0.5983379501385041,
RandomForest_iter10.csv,0,0.8888888888888888,0.4897959183673469,0.631578947368421,0.6964623564692193,0.9695267211943143,0.6573764536094845,0.6570905992937752,0.8333333333333334,0.8958333333333334,0.9166666666666666,0.9166666666666666,0.9375,0.9375,0.9375,0.9375,0.9375,0.9375,0.9583333333333334,0.9583333333333334,0.9583333333333334,0.9583333333333334,0.9583333333333334,0.9583333333333334,0.9791666666666666,0.9791666666666666,1.0,0.9144736842105265,0.8333333333333334,0.8958333333333334,0.9166666666666666,0.9166666666666666,0.9375,0.9375,0.9375,0.9375,0.9375,0.9375,0.9583333333333334,0.9583333333333334,0.9583333333333334,0.9583333333333334,0.9583333333333334,0.9583333333333334,0.9791666666666666,0.9791666666666666,1.0,0.9418859649122808,0.8333333333333334,0.8958333333333334,0.9166666666666666,0.9166666666666666,0.9375,0.9375,0.9375,0.9375,0.9375,0.9375,0.9583333333333334,0.9583333333333334,0.9583333333333334,0.9583333333333334,0.9583333333333334,0.9583333333333334,0.9791666666666666,0.9791666666666666,1,0.9418859649122808,
RandomForest_iter12.csv,0,0.9615384615384616,0.46296296296296297,0.625,0.8289504537997945,0.9613703079133097,0.6328631338162409,0.6646156890428072,0.7358490566037735,0.7547169811320755,0.7924528301886793,0.7924528301886793,0.7924528301886793,0.8301886792452831,0.8679245283018868,0.8867924528301887,0.8867924528301887,0.8867924528301887,0.8867924528301887,0.9245283018867925,0.9245283018867925,0.9811320754716981,1.0,1.0,1.0,1.0,1.0,0.8857994041708045,0.7358490566037735,0.7547169811320755,0.7924528301886793,0.7924528301886793,0.7924528301886793,0.8301886792452831,0.8679245283018868,0.8867924528301887,0.8867924528301887,0.8867924528301887,0.8867924528301887,0.9245283018867925,0.9245283018867925,0.9811320754716981,1.0,1.0,1.0,1.0,1.0,0.8917576961271103,0.7358490566037735,0.7547169811320755,0.7924528301886793,0.7924528301886793,0.7924528301886793,0.8301886792452831,0.8679245283018868,0.8867924528301887,0.8867924528301887,0.8867924528301887,0.8867924528301887,0.9245283018867925,0.9245283018867925,0.9811320754716981,1.0,1.0,1.0,1.0,1,0.8917576961271103,
NaiveBayes_SMOTE_iter26.csv,56,0.012048192771084338,0.19230769230769232,0.022675736961451247,0.011015389737545291,0.9324409907917494,0.3196617112186165,0.03564124424532239,0.11538461538461539,0.15384615384615385,0.15384615384615385,0.15384615384615385,0.19230769230769232,0.19230769230769232,0.23076923076923078,0.23076923076923078,0.23076923076923078,0.2692307692307692,0.3076923076923077,0.38461538461538464,0.5,0.6538461538461539,0.7307692307692307,0.7692307692307693,0.8846153846153846,0.9230769230769231,1.0,0.35020242914979755,0.11538461538461539,0.15384615384615385,0.15384615384615385,0.15384615384615385,0.19230769230769232,0.19230769230769232,0.23076923076923078,0.23076923076923078,0.23076923076923078,0.2692307692307692,0.3076923076923077,0.38461538461538464,0.5,0.6538461538461539,0.7307692307692307,0.7692307692307693,0.8846153846153846,0.9230769230769231,1.0,0.42510121457489874,0.11538461538461542,0.15384615384615385,0.15384615384615385,0.15384615384615385,0.1923076923076923,0.1923076923076923,0.23076923076923084,0.23076923076923084,0.23076923076923084,0.26923076923076916,0.3076923076923077,0.3846153846153846,0.5,0.6538461538461539,0.7307692307692307,0.7692307692307693,0.8846153846153846,0.9230769230769231,1,0.42510121457489874,
RandomForest_CostSensitive_iter14.csv,0,0.25,0.14035087719298245,0.1797752808988764,0.4094208120249402,0.7259283643315656,0.24580044790237374,0.17088181336596425,0.2767857142857143,0.33035714285714285,0.375,0.42857142857142855,0.44642857142857145,0.48214285714285715,0.5,0.5357142857142857,0.5982142857142857,0.6607142857142857,0.6964285714285714,0.7410714285714286,0.7857142857142857,0.8125,0.8482142857142857,0.8660714285714286,0.9107142857142857,0.9375,1.0,0.5274776747820258,0.2767857142857143,0.33035714285714285,0.375,0.42857142857142855,0.44642857142857145,0.48214285714285715,0.5,0.5357142857142857,0.5982142857142857,0.6607142857142857,0.6964285714285714,0.7410714285714286,0.7857142857142857,0.8125,0.8482142857142857,0.8660714285714286,0.9107142857142857,0.9375,1.0,0.5353956999333999,0.28971962616822433,0.327433628318584,0.37168141592920356,0.4247787610619469,0.4424778761061947,0.47787610619469034,0.49557522123893805,0.5309734513274336,0.5929203539823009,0.6548672566371682,0.6902654867256637,0.7345132743362832,0.7787610619469026,0.8053097345132744,0.8407079646017699,0.8584070796460177,0.65625,0.2000000000000005,0.0,0.643796992481203,
RandomForest_CostSensitive_iter28.csv,0,0.9285714285714286,0.8297872340425532,0.8764044943820225,0.7509390709270766,0.9935110297438736,0.9068020772465785,0.8770314415904887,0.9130434782608695,0.9347826086956522,0.9347826086956522,0.9347826086956522,0.9565217391304348,0.9565217391304348,0.9565217391304348,0.9565217391304348,0.9565217391304348,0.9565217391304348,0.9565217391304348,0.9565217391304348,1.0,1.0,1.0,1.0,1.0,1.0,1.0,0.9691075514874142,0.9130434782608695,0.9347826086956522,0.9347826086956522,0.9347826086956522,0.9565217391304348,0.9565217391304348,0.9565217391304348,0.9565217391304348,0.9565217391304348,0.9565217391304348,0.9565217391304348,0.9565217391304348,1.0,1.0,1.0,1.0,1.0,1.0,1.0,0.9668192219679634,0.9130434782608695,0.9347826086956522,0.9347826086956522,0.9347826086956522,0.9565217391304348,0.9565217391304348,0.9565217391304348,0.9565217391304348,0.9565217391304348,0.9565217391304348,0.9565217391304348,0.9565217391304348,1.0,1.0,1.0,1.0,1.0,1.0,1,0.9668192219679634,
NaiveBayes_CostSensitive_iter10.csv,14,0.038910505836575876,0.20408163265306123,0.06535947712418301,0.03775225511593497,0.9136127213531322,0.33535064315307694,0.06453665482582063,0.0625,0.125,0.14583333333333334,0.14583333333333334,0.14583333333333334,0.1875,0.20833333333333334,0.22916666666666666,0.25,0.2708333333333333,0.3958333333333333,0.4791666666666667,0.5625,0.6666666666666666,0.7083333333333334,0.8541666666666666,0.8958333333333334,0.9791666666666666,1.0,0.3826754385964912,0.0625,0.125,0.14583333333333334,0.14583333333333334,0.14583333333333334,0.1875,0.20833333333333334,0.22916666666666666,0.25,0.2708333333333333,0.3958333333333333,0.4791666666666667,0.5625,0.6666666666666666,0.7083333333333334,0.8541666666666666,0.8958333333333334,0.9791666666666666,1.0,0.4375,0.0625,0.125,0.14583333333333337,0.14583333333333337,0.14583333333333337,0.1875,0.20833333333333337,0.22916666666666663,0.25,0.27083333333333326,0.39583333333333326,0.47916666666666674,0.5625,0.6666666666666666,0.7083333333333334,0.8541666666666666,0.8958333333333334,0.9791666666666666,1,0.4375,
IBk_BestFirst_iter26.csv,58,0.0,0.0,0.0,0.0003078453195671221,0.9676655675740883,0.0,-0.0014879954265350525,0.38461538461538464,0.38461538461538464,0.5,0.5769230769230769,0.6153846153846154,0.6538461538461539,0.6538461538461539,0.6538461538461539,0.6538461538461539,0.6538461538461539,0.8076923076923077,0.8461538461538461,0.8461538461538461,0.8461538461538461,0.8846153846153846,0.8846153846153846,0.8846153846153846,0.9615384615384616,1.0,0.674089068825911,0.38461538461538464,0.38461538461538464,0.5,0.5769230769230769,0.6153846153846154,0.6538461538461539,0.6538461538461539,0.6538461538461539,0.6538461538461539,0.6538461538461539,0.8076923076923077,0.8461538461538461,0.8461538461538461,0.8461538461538461,0.8846153846153846,0.8846153846153846,0.8846153846153846,0.9615384615384616,1.0,0.7206477732793524,0.3846153846153846,0.3846153846153846,0.5,0.5769230769230769,0.6153846153846154,0.6538461538461539,0.6538461538461539,0.6538461538461539,0.6538461538461539,0.6538461538461539,0.8076923076923077,0.8461538461538461,0.8461538461538461,0.8461538461538461,0.8846153846153846,0.8846153846153846,0.8846153846153846,0.9615384615384616,1,0.7206477732793524,
IBk_BestFirst_iter7.csv,0,0.25,0.11904761904761904,0.16129032258064516,0.27557147473544474,0.903260297984224,0.2126823646507242,0.16673267063599034,0.36585365853658536,0.5121951219512195,0.5853658536585366,0.6829268292682927,0.7073170731707317,0.7560975609756098,0.7804878048780488,0.8292682926829268,0.8536585365853658,0.9024390243902439,0.926829268292683,0.9512195121951219,0.9512195121951219,0.9512195121951219,0.975609756097561,0.975609756097561,0.975609756097561,0.975609756097561,1.0,0.7317073170731709,0.36585365853658536,0.5121951219512195,0.5853658536585366,0.6829268292682927,0.7073170731707317,0.7560975609756098,0.7804878048780488,0.8292682926829268,0.8536585365853658,0.9024390243902439,0.926829268292683,0.9512195121951219,0.9512195121951219,0.9512195121951219,0.975609756097561,0.975609756097561,0.975609756097561,0.975609756097561,1.0,0.8241335044929398,0.36585365853658536,0.5121951219512195,0.5853658536585366,0.6829268292682927,0.7073170731707317,0.7560975609756098,0.7804878048780488,0.8292682926829268,0.8536585365853658,0.9024390243902439,0.926829268292683,0.9512195121951219,0.9512195121951219,0.9512195121951219,0.975609756097561,0.975609756097561,0.975609756097561,0.975609756097561,1,0.8241335044929398,
RandomForest_SMOTE_iter26.csv,2,0.25,0.038461538461538464,0.06666666666666667,0.03367727431506816,0.9087267280550079,0.07407299807288187,0.09691929648366453,0.15384615384615385,0.19230769230769232,0.23076923076923078,0.34615384615384615,0.38461538461538464,0.4230769230769231,0.46153846153846156,0.5,0.5384615384615384,0.8846153846153846,0.8846153846153846,0.8846153846153846,0.9230769230769231,0.9230769230769231,0.9230769230769231,0.9615384615384616,1.0,1.0,1.0,0.6234817813765182,0.15384615384615385,0.19230769230769232,0.23076923076923078,0.34615384615384615,0.38461538461538464,0.4230769230769231,0.46153846153846156,0.5,0.5384615384615384,0.8846153846153846,0.8846153846153846,0.8846153846153846,0.9230769230769231,0.9230769230769231,0.9230769230769231,0.9615384615384616,1.0,1.0,1.0,0.6639676113360324,0.15384615384615385,0.1923076923076923,0.23076923076923084,0.34615384615384615,0.3846153846153846,0.42307692307692313,0.46153846153846156,0.5,0.5384615384615384,0.8846153846153846,0.8846153846153846,0.8846153846153846,0.9230769230769231,0.9230769230769231,0.9230769230769231,0.9615384615384616,1.0,1.0,1,0.6639676113360324,
RandomForest_SMOTE_iter27.csv,0,0.375,0.06818181818181818,0.11538461538461539,0.31396796462111176,0.8147054153821724,0.12765364080603128,0.1577811384102321,0.16279069767441862,0.23255813953488372,0.32558139534883723,0.3488372093023256,0.4186046511627907,0.4418604651162791,0.5348837209302325,0.5813953488372093,0.6511627906976745,0.6976744186046512,0.7209302325581395,0.7441860465116279,0.8604651162790697,0.8604651162790697,0.8604651162790697,0.9767441860465116,1.0,1.0,1.0,0.657282741738066,0.16279069767441862,0.23255813953488372,0.32558139534883723,0.3488372093023256,0.4186046511627907,0.4418604651162791,0.5348837209302325,0.5813953488372093,0.6511627906976745,0.6976744186046512,0.7209302325581395,0.7441860465116279,0.8604651162790697,0.8604651162790697,0.8604651162790697,0.9767441860465116,1.0,1.0,1.0,0.653610771113831,0.16279069767441867,0.2325581395348837,0.32558139534883723,0.34883720930232553,0.4186046511627908,0.4418604651162791,0.5348837209302325,0.5813953488372093,0.6511627906976745,0.6976744186046512,0.7209302325581395,0.7441860465116279,0.8604651162790697,0.8604651162790697,0.8604651162790697,0.9767441860465116,1.0,1.0,1,0.653610771113831,
IBk_BestFirst_iter6.csv,9,0.3181818181818182,0.1590909090909091,0.21212121212121213,0.209588158166782,0.9145832858542811,0.2743676613456028,0.2190673303441004,0.3409090909090909,0.4090909090909091,0.4090909090909091,0.4318181818181818,0.45454545454545453,0.5227272727272727,0.5681818181818182,0.5909090909090909,0.6363636363636364,0.6818181818181818,0.7727272727272727,0.8409090909090909,0.8863636363636364,0.9090909090909091,0.9090909090909091,0.9090909090909091,0.9772727272727273,1.0,1.0,0.6578947368421052,0.3409090909090909,0.4090909090909091,0.4090909090909091,0.4318181818181818,0.45454545454545453,0.5227272727272727,0.5681818181818182,0.5909090909090909,0.6363636363636364,0.6818181818181818,0.7727272727272727,0.8409090909090909,0.8863636363636364,0.9090909090909091,0.9090909090909091,0.9090909090909091,0.9772727272727273,1.0,1.0,0.6973684210526315,0.34090909090909083,0.40909090909090917,0.40909090909090917,0.4318181818181819,0.4545454545454546,0.5227272727272727,0.5681818181818182,0.5909090909090909,0.6363636363636364,0.6818181818181818,0.7727272727272727,0.8409090909090909,0.8863636363636364,0.9090909090909091,0.9090909090909091,0.9090909090909091,0.9772727272727273,1.0,1,0.6973684210526315,
IBk_BestFirst_iter27.csv,5,0,0.0,0.0,0.06569993402861414,0.9857801563885101,0.0,0,0.11627906976744186,0.13953488372093023,0.16279069767441862,0.20930232558139536,0.20930232558139536,0.2558139534883721,0.3488372093023256,0.3953488372093023,0.46511627906976744,0.5581395348837209,0.5813953488372093,0.6046511627906976,0.6046511627906976,0.6976744186046512,0.813953488372093,0.8604651162790697,0.8837209302325582,0.9302325581395349,1.0,0.5214198286413708,0.11627906976744186,0.13953488372093023,0.16279069767441862,0.20930232558139536,0.20930232558139536,0.2558139534883721,0.3488372093023256,0.3953488372093023,0.46511627906976744,0.5581395348837209,0.5813953488372093,0.6046511627906976,0.6046511627906976,0.6976744186046512,0.813953488372093,0.8604651162790697,0.8837209302325582,0.9302325581395349,1.0,0.5177478580171359,0.11627906976744184,0.13953488372093026,0.16279069767441867,0.2093023255813954,0.2093023255813954,0.2558139534883721,0.34883720930232553,0.39534883720930236,0.4651162790697674,0.5581395348837209,0.5813953488372093,0.6046511627906976,0.6046511627906976,0.6976744186046512,0.813953488372093,0.8604651162790697,0.8837209302325582,0.9302325581395349,1,0.5177478580171359,
NaiveBayes_CostSensitive_iter11.csv,10,0.044897959183673466,0.22448979591836735,0.07482993197278912,0.04389204089167822,0.9258712944309428,0.3626660562747442,0.07686257369022202,0.10416666666666667,0.125,0.16666666666666666,0.16666666666666666,0.16666666666666666,0.20833333333333334,0.22916666666666666,0.25,0.2916666666666667,0.375,0.4583333333333333,0.5625,0.6666666666666666,0.7083333333333334,0.8125,0.8333333333333334,0.8958333333333334,0.9583333333333334,1.0,0.4089912280701754,0.10416666666666667,0.125,0.16666666666666666,0.16666666666666666,0.16666666666666666,0.20833333333333334,0.22916666666666666,0.25,0.2916666666666667,0.375,0.4583333333333333,0.5625,0.6666666666666666,0.7083333333333334,0.8125,0.8333333333333334,0.8958333333333334,0.9583333333333334,1.0,0.4725877192982455,0.10416666666666663,0.125,0.16666666666666663,0.16666666666666663,0.16666666666666663,0.20833333333333337,0.22916666666666663,0.25,0.29166666666666674,0.375,0.45833333333333326,0.5625,0.6666666666666666,0.7083333333333334,0.8125,0.8333333333333334,0.8958333333333334,0.9583333333333334,1,0.47258771929824556,
RandomForest_CostSensitive_iter15.csv,4,0.07920792079207921,0.5714285714285714,0.1391304347826087,0.12851798545215193,0.9350013326226009,0.7214566717544123,0.20678156890951488,0.7857142857142857,0.8571428571428571,0.9285714285714286,0.9285714285714286,0.9285714285714286,0.9285714285714286,1.0,1.0,1.0,1.0,1.0,1.0,1.0,1.0,1.0,1.0,1.0,1.0,1.0,0.906015037593985,0.7857142857142857,0.8571428571428571,0.9285714285714286,0.9285714285714286,0.9285714285714286,0.9285714285714286,1.0,1.0,1.0,1.0,1.0,1.0,1.0,1.0,1.0,1.0,1.0,1.0,1.0,0.9661654135338346,0.7857142857142857,0.8571428571428571,0.9285714285714286,0.9285714285714286,0.9285714285714286,0.9285714285714286,1.0,1.0,1.0,1.0,1.0,1.0,1.0,1.0,1.0,1.0,1.0,1.0,1,0.9661654135338346,
NaiveBayes_SMOTE_iter27.csv,17,0.04739336492890995,0.45454545454545453,0.08583690987124463,0.0469507537220424,0.9379010597901581,0.6130939970051368,0.13155125559437605,0.0,0.13953488372093023,0.18604651162790697,0.23255813953488372,0.27906976744186046,0.37209302325581395,0.3953488372093023,0.4418604651162791,0.4883720930232558,0.5348837209302325,0.6046511627906976,0.627906976744186,0.6976744186046512,0.7441860465116279,0.7674418604651163,0.7906976744186046,0.8372093023255814,0.9069767441860465,1.0,0.5642594859241126,0.0,0.13953488372093023,0.18604651162790697,0.23255813953488372,0.27906976744186046,0.37209302325581395,0.3953488372093023,0.4418604651162791,0.4883720930232558,0.5348837209302325,0.6046511627906976,0.627906976744186,0.6976744186046512,0.7441860465116279,0.7674418604651163,0.7906976744186046,0.8372093023255814,0.9069767441860465,1.0,0.5287637698898409,0.0,0.13953488372093026,0.18604651162790697,0.2325581395348837,0.2790697674418605,0.37209302325581395,0.39534883720930236,0.4418604651162791,0.4883720930232558,0.5348837209302325,0.6046511627906976,0.627906976744186,0.6976744186046512,0.7441860465116279,0.7674418604651163,0.7906976744186046,0.8372093023255814,0.9069767441860465,1,0.5287637698898409,
RandomForest_iter13.csv,0,0.48,0.2033898305084746,0.2857142857142857,0.4933166183544932,0.9104127945381953,0.3378479082773285,0.3063608082289879,0.3275862068965517,0.3793103448275862,0.41379310344827586,0.4827586206896552,0.5,0.6379310344827587,0.6379310344827587,0.6379310344827587,0.7586206896551724,0.8103448275862069,0.8103448275862069,0.8448275862068966,0.8620689655172413,0.9137931034482759,0.9827586206896551,1.0,1.0,1.0,1.0,0.7404718693284937,0.3275862068965517,0.3793103448275862,0.41379310344827586,0.4827586206896552,0.5,0.6379310344827587,0.6379310344827587,0.6379310344827587,0.7586206896551724,0.8103448275862069,0.8103448275862069,0.8448275862068966,0.8620689655172413,0.9137931034482759,0.9827586206896551,1.0,1.0,1.0,1.0,0.7368421052631579,0.3275862068965517,0.3793103448275862,0.4137931034482758,0.48275862068965525,0.5,0.6379310344827587,0.6379310344827587,0.6379310344827587,0.7586206896551724,0.8103448275862069,0.8103448275862069,0.8448275862068966,0.8620689655172413,0.9137931034482759,0.9827586206896551,1.0,1.0,1.0,1,0.7368421052631579,
RandomForest_iter17.csv,0,1.0,0.3333333333333333,0.5,0.7330872304618498,0.9750049607392918,0.5,0.5758707436448487,0.6666666666666666,0.696969696969697,0.7272727272727273,0.7272727272727273,0.7878787878787878,0.8181818181818182,0.8181818181818182,0.8181818181818182,0.8181818181818182,0.8181818181818182,0.8181818181818182,0.8484848484848485,0.8787878787878788,0.8787878787878788,0.9090909090909091,0.9393939393939394,0.9696969696969697,0.9696969696969697,1.0,0.821371610845295,0.6666666666666666,0.696969696969697,0.7272727272727273,0.7272727272727273,0.7878787878787878,0.8181818181818182,0.8181818181818182,0.8181818181818182,0.8181818181818182,0.8181818181818182,0.8181818181818182,0.8484848484848485,0.8787878787878788,0.8787878787878788,0.9090909090909091,0.9393939393939394,0.9696969696969697,0.9696969696969697,1.0,0.8373205741626792,0.6666666666666666,0.696969696969697,0.7272727272727273,0.7272727272727273,0.7878787878787878,0.8181818181818182,0.8181818181818182,0.8181818181818182,0.8181818181818182,0.8181818181818182,0.8181818181818182,0.8484848484848485,0.8787878787878788,0.8787878787878788,0.9090909090909091,0.9393939393939394,0.9696969696969697,0.9696969696969697,1,0.8373205741626792,
RandomForest_CostSensitive_iter11.csv,0,0.3617021276595745,0.6938775510204082,0.4755244755244755,0.5400629595538233,0.935389824132418,0.8143508543368241,0.4931678914850858,0.8125,0.8541666666666666,0.875,0.875,0.8958333333333334,0.8958333333333334,0.9375,0.9583333333333334,0.9583333333333334,0.9583333333333334,0.9583333333333334,0.9583333333333334,0.9583333333333334,0.9583333333333334,0.9583333333333334,0.9583333333333334,1.0,1.0,1.0,0.9276315789473685,0.8125,0.8541666666666666,0.875,0.875,0.8958333333333334,0.8958333333333334,0.9375,0.9583333333333334,0.9583333333333334,0.9583333333333334,0.9583333333333334,0.9583333333333334,0.9583333333333334,0.9583333333333334,0.9583333333333334,0.9583333333333334,1.0,1.0,1.0,0.9353070175438598,0.8125,0.8541666666666666,0.875,0.875,0.8958333333333334,0.8958333333333334,0.9375,0.9583333333333334,0.9583333333333334,0.9583333333333334,0.9583333333333334,0.9583333333333334,0.9583333333333334,0.9583333333333334,0.9583333333333334,0.9583333333333334,1.0,1.0,1,0.9353070175438598,
NaiveBayes_SMOTE_iter23.csv,17,0.009345794392523364,0.42857142857142855,0.018292682926829267,0.009962944726529385,0.9476207660978496,0.589239387900891,0.05643647833206858,0.2857142857142857,0.2857142857142857,0.2857142857142857,0.42857142857142855,0.42857142857142855,0.42857142857142855,0.42857142857142855,0.42857142857142855,0.5714285714285714,0.5714285714285714,0.7142857142857143,0.7142857142857143,0.7142857142857143,0.8571428571428571,0.8571428571428571,0.8571428571428571,1.0,1.0,1.0,0.5639097744360901,0.2857142857142857,0.2857142857142857,0.2857142857142857,0.42857142857142855,0.42857142857142855,0.42857142857142855,0.42857142857142855,0.42857142857142855,0.5714285714285714,0.5714285714285714,0.7142857142857143,0.7142857142857143,0.7142857142857143,0.8571428571428571,0.8571428571428571,0.8571428571428571,1.0,1.0,1.0,0.6240601503759398,0.2857142857142857,0.2857142857142857,0.2857142857142857,0.4285714285714286,0.4285714285714286,0.4285714285714286,0.4285714285714286,0.4285714285714286,0.5714285714285714,0.5714285714285714,0.7142857142857143,0.7142857142857143,0.7142857142857143,0.8571428571428571,0.8571428571428571,0.8571428571428571,1.0,1.0,1,0.6240601503759398,
IBk_BestFirst_iter23.csv,272,0.0,0.0,0.0,0.00011468077786333328,0.9696860339227715,0.0,-0.0009545418626940152,0.0,0.0,0.14285714285714285,0.14285714285714285,0.2857142857142857,0.42857142857142855,0.5714285714285714,0.5714285714285714,0.8571428571428571,0.8571428571428571,0.8571428571428571,0.8571428571428571,0.8571428571428571,0.8571428571428571,0.8571428571428571,0.8571428571428571,0.8571428571428571,0.8571428571428571,1.0,0.6240601503759398,0.0,0.0,0.14285714285714285,0.14285714285714285,0.2857142857142857,0.42857142857142855,0.5714285714285714,0.5714285714285714,0.8571428571428571,0.8571428571428571,0.8571428571428571,0.8571428571428571,0.8571428571428571,0.8571428571428571,0.8571428571428571,0.8571428571428571,0.8571428571428571,0.8571428571428571,1.0,0.6165413533834586,0.0,0.0,0.1428571428571428,0.1428571428571428,0.2857142857142857,0.4285714285714286,0.5714285714285714,0.5714285714285714,0.8571428571428571,0.8571428571428571,0.8571428571428571,0.8571428571428571,0.8571428571428571,0.8571428571428571,0.8571428571428571,0.8571428571428571,0.8571428571428571,0.8571428571428571,1,0.6165413533834587,
IBk_BestFirst_iter2.csv,7,0.0,0.0,0.0,0.0002950635862028267,0.9891891891891892,0.0,-0.0014543543865650045,0.3,0.4,0.4,0.4,0.4,0.4,0.4,0.4,0.4,0.4,0.4,0.5,0.5,0.6,0.7,0.7,0.7,0.8,1.0,0.5157894736842105,0.3,0.4,0.4,0.4,0.4,0.4,0.4,0.4,0.4,0.4,0.4,0.5,0.5,0.6,0.7,0.7,0.7,0.8,1.0,0.5157894736842106,0.30000000000000004,0.4,0.4,0.4,0.4,0.4,0.4,0.4,0.4,0.4,0.4,0.5,0.5,0.6,0.7,0.7,0.7,0.8,1,0.5157894736842106,
NaiveBayes_CostSensitive_iter15.csv,44,0.013422818791946308,0.2857142857142857,0.02564102564102564,0.014491000480124078,0.9171108742004258,0.43729129030492137,0.04870771757437894,0.07142857142857142,0.14285714285714285,0.2857142857142857,0.2857142857142857,0.35714285714285715,0.42857142857142855,0.42857142857142855,0.42857142857142855,0.42857142857142855,0.42857142857142855,0.5,0.5714285714285714,0.7142857142857143,0.9285714285714286,0.9285714285714286,0.9285714285714286,0.9285714285714286,1.0,1.0,0.48496240601503765,0.07142857142857142,0.14285714285714285,0.2857142857142857,0.2857142857142857,0.35714285714285715,0.42857142857142855,0.42857142857142855,0.42857142857142855,0.42857142857142855,0.42857142857142855,0.5,0.5714285714285714,0.7142857142857143,0.9285714285714286,0.9285714285714286,0.9285714285714286,0.9285714285714286,1.0,1.0,0.5676691729323309,0.0714285714285714,0.1428571428571428,0.2857142857142857,0.2857142857142857,0.3571428571428572,0.4285714285714286,0.4285714285714286,0.4285714285714286,0.4285714285714286,0.4285714285714286,0.5,0.5714285714285714,0.7142857142857143,0.9285714285714286,0.9285714285714286,0.9285714285714286,0.9285714285714286,1.0,1,0.5676691729323309,
RandomForest_SMOTE_iter23.csv,42,0.0,0.0,0.0,0.0038199422943553272,0.9320771253286587,0.0,-0.0022422414022094973,0.42857142857142855,0.42857142857142855,0.42857142857142855,0.42857142857142855,0.42857142857142855,0.5714285714285714,0.5714285714285714,0.5714285714285714,0.7142857142857143,0.7142857142857143,0.7142857142857143,0.8571428571428571,0.8571428571428571,0.8571428571428571,0.8571428571428571,1.0,1.0,1.0,1.0,0.6466165413533834,0.42857142857142855,0.42857142857142855,0.42857142857142855,0.42857142857142855,0.42857142857142855,0.5714285714285714,0.5714285714285714,0.5714285714285714,0.7142857142857143,0.7142857142857143,0.7142857142857143,0.8571428571428571,0.8571428571428571,0.8571428571428571,0.8571428571428571,1.0,1.0,1.0,1.0,0.706766917293233,0.4285714285714286,0.4285714285714286,0.4285714285714286,0.4285714285714286,0.4285714285714286,0.5714285714285714,0.5714285714285714,0.5714285714285714,0.7142857142857143,0.7142857142857143,0.7142857142857143,0.8571428571428571,0.8571428571428571,0.8571428571428571,0.8571428571428571,1.0,1.0,1.0,1,0.706766917293233,
RandomForest_SMOTE_iter22.csv,557,0.0,0.0,0.0,7.285841787945574e-05,0.900641668337678,0.0,-0.0008020854220974534,0.0,0.0,0.0,0.0,0.25,0.75,0.75,0.75,0.75,0.75,0.75,0.75,0.75,0.75,0.75,0.75,1.0,1.0,1.0,0.631578947368421,0.0,0.0,0.0,0.0,0.25,0.75,0.75,0.75,0.75,0.75,0.75,0.75,0.75,0.75,0.75,0.75,1.0,1.0,1.0,0.6052631578947368,0.0,0.0,0.0,0.0,0.25,0.75,0.75,0.75,0.75,0.75,0.75,0.75,0.75,0.75,0.75,0.75,1.0,1.0,1,0.6052631578947368,
NaiveBayes_CostSensitive_iter14.csv,4,0.1447811447811448,0.37719298245614036,0.20924574209245742,0.1454072993682879,0.9299490607683512,0.5381782383319998,0.20029159422647408,0.07964601769911504,0.11504424778761062,0.1415929203539823,0.20353982300884957,0.24778761061946902,0.2743362831858407,0.3008849557522124,0.36283185840707965,0.39823008849557523,0.4424778761061947,0.4690265486725664,0.5398230088495575,0.6017699115044248,0.6902654867256637,0.7699115044247787,0.7699115044247787,0.8495575221238938,0.9203539823008849,1.0,0.36023763325483504,0.07964601769911504,0.11504424778761062,0.1415929203539823,0.20353982300884957,0.24778761061946902,0.2743362831858407,0.3008849557522124,0.36283185840707965,0.39823008849557523,0.4424778761061947,0.4690265486725664,0.5398230088495575,0.6017699115044248,0.6902654867256637,0.7699115044247787,0.7699115044247787,0.8495575221238938,0.9203539823008849,1.0,0.4200155672553313,0.08411214953271029,0.11504424778761058,0.1415929203539823,0.20353982300884954,0.24778761061946897,0.2743362831858407,0.3008849557522124,0.36283185840707965,0.3982300884955752,0.4424778761061947,0.46902654867256643,0.5398230088495575,0.6017699115044248,0.6902654867256637,0.7699115044247787,0.7699115044247787,0.46875,0.10000000000000009,1,0.4829995342338146,
IBk_BestFirst_iter3.csv,0,1.0,0.1,0.18181818181818182,0.7497900130811523,0.9963855421686747,0.18181818181818182,0.3157654069206952,1.0,1.0,1.0,1.0,1.0,1.0,1.0,1.0,1.0,1.0,1.0,1.0,1.0,1.0,1.0,1.0,1.0,1.0,1.0,1.0,1.0,1.0,1.0,1.0,1.0,1.0,1.0,1.0,1.0,1.0,1.0,1.0,1.0,1.0,1.0,1.0,1.0,1.0,1.0,1.0,1.0,1.0,1.0,1.0,1.0,1.0,1.0,1.0,1.0,1.0,1.0,1.0,1.0,1.0,1.0,1.0,1.0,1.0,1,1.0,
IBk_BestFirst_iter22.csv,2779,0.0,0.0,0.0,7.285841787945574e-05,0.9446561058752757,0.0,-0.0012689720036272146,0.0,0.0,0.0,0.0,0.25,0.25,0.25,0.25,0.25,0.25,0.5,0.75,0.75,0.75,0.75,0.75,1.0,1.0,1.0,0.47368421052631576,0.0,0.0,0.0,0.0,0.25,0.25,0.25,0.25,0.25,0.25,0.5,0.75,0.75,0.75,0.75,0.75,1.0,1.0,1.0,0.4605263157894737,0.0,0.0,0.0,0.0,0.25,0.25,0.25,0.25,0.25,0.25,0.5,0.75,0.75,0.75,0.75,0.75,1.0,1.0,1,0.4605263157894737,
NaiveBayes_CostSensitive_iter28.csv,32,0.06229508196721312,0.40425531914893614,0.10795454545454546,0.059361567076856046,0.9558659688890756,0.5688497153985083,0.1454837996840382,0.08695652173913043,0.1956521739130435,0.21739130434782608,0.2608695652173913,0.34782608695652173,0.3695652173913043,0.41304347826086957,0.4782608695652174,0.5217391304347826,0.5434782608695652,0.6304347826086957,0.6304347826086957,0.6521739130434783,0.717391304347826,0.7608695652173914,0.7608695652173914,0.8695652173913043,0.9347826086956522,1.0,0.568649885583524,0.08695652173913043,0.1956521739130435,0.21739130434782608,0.2608695652173913,0.34782608695652173,0.3695652173913043,0.41304347826086957,0.4782608695652174,0.5217391304347826,0.5434782608695652,0.6304347826086957,0.6304347826086957,0.6521739130434783,0.717391304347826,0.7608695652173914,0.7608695652173914,0.8695652173913043,0.9347826086956522,1.0,0.5469107551487414,0.08695652173913038,0.19565217391304346,0.21739130434782605,0.26086956521739135,0.34782608695652173,0.3695652173913043,0.4130434782608696,0.4782608695652174,0.5217391304347826,0.5434782608695652,0.6304347826086957,0.6304347826086957,0.6521739130434783,0.717391304347826,0.7608695652173914,0.7608695652173914,0.8695652173913043,0.9347826086956522,1,0.5469107551487414,
NaiveBayes_SMOTE_iter22.csv,52,0.006276150627615063,0.75,0.012448132780082987,0.007544672576562301,0.9428514136755558,0.8201399618285923,0.06296223480223488,0.0,0.0,0.0,0.0,0.0,0.5,0.5,0.5,0.5,0.75,0.75,0.75,0.75,0.75,0.75,1.0,1.0,1.0,1.0,0.7368421052631579,0.0,0.0,0.0,0.0,0.0,0.5,0.5,0.5,0.5,0.75,0.75,0.75,0.75,0.75,0.75,1.0,1.0,1.0,1.0,0.5526315789473685,0.0,0.0,0.0,0.0,0.0,0.5,0.5,0.5,0.5,0.75,0.75,0.75,0.75,0.75,0.75,1.0,1.0,1.0,1,0.5526315789473685,
RandomForest_CostSensitive_iter10.csv,0,0.4074074074074074,0.673469387755102,0.5076923076923077,0.532662565476565,0.9552727705868342,0.8010703875376308,0.5167450138951939,0.8333333333333334,0.8958333333333334,0.9166666666666666,0.9166666666666666,0.9166666666666666,0.9583333333333334,0.9791666666666666,0.9791666666666666,0.9791666666666666,0.9791666666666666,0.9791666666666666,1.0,1.0,1.0,1.0,1.0,1.0,1.0,1.0,0.9594298245614034,0.8333333333333334,0.8958333333333334,0.9166666666666666,0.9166666666666666,0.9166666666666666,0.9583333333333334,0.9791666666666666,0.9791666666666666,0.9791666666666666,0.9791666666666666,0.9791666666666666,1.0,1.0,1.0,1.0,1.0,1.0,1.0,1.0,0.9649122807017543,0.8333333333333334,0.8958333333333334,0.9166666666666666,0.9166666666666666,0.9166666666666666,0.9583333333333334,0.9791666666666666,0.9791666666666666,0.9791666666666666,0.9791666666666666,0.9791666666666666,1.0,1.0,1.0,1.0,1.0,1.0,1.0,1,0.9649122807017543,
RandomForest_iter16.csv,0,0.8181818181818182,0.42857142857142855,0.5625,0.5026291465144245,0.9699826759061833,0.599916017356413,0.5908235509856328,0.6190476190476191,0.6190476190476191,0.6666666666666666,0.6666666666666666,0.7142857142857143,0.7619047619047619,0.8095238095238095,0.8571428571428571,0.8571428571428571,0.8571428571428571,0.8571428571428571,0.8571428571428571,0.8571428571428571,0.8571428571428571,0.8571428571428571,0.8571428571428571,0.8571428571428571,1.0,1.0,0.81203007518797,0.6190476190476191,0.6190476190476191,0.6666666666666666,0.6666666666666666,0.7142857142857143,0.7619047619047619,0.8095238095238095,0.8571428571428571,0.8571428571428571,0.8571428571428571,0.8571428571428571,0.8571428571428571,0.8571428571428571,0.8571428571428571,0.8571428571428571,0.8571428571428571,0.8571428571428571,1.0,1.0,0.81203007518797,0.6190476190476191,0.6190476190476191,0.6666666666666666,0.6666666666666666,0.7142857142857143,0.7619047619047619,0.8095238095238095,0.8571428571428571,0.8571428571428571,0.8571428571428571,0.8571428571428571,0.8571428571428571,0.8571428571428571,0.8571428571428571,0.8571428571428571,0.8571428571428571,0.8571428571428571,1.0,1,0.81203007518797,
RandomForest_iter28.csv,0,1.0,0.6170212765957447,0.7631578947368421,0.7770603034841863,0.9965673196788938,0.763157894736842,0.7845084220100002,0.9347826086956522,0.9782608695652174,0.9782608695652174,0.9782608695652174,0.9782608695652174,0.9782608695652174,0.9782608695652174,0.9782608695652174,0.9782608695652174,0.9782608695652174,0.9782608695652174,1.0,1.0,1.0,1.0,1.0,1.0,1.0,1.0,0.9782608695652175,0.9347826086956522,0.9782608695652174,0.9782608695652174,0.9782608695652174,0.9782608695652174,0.9782608695652174,0.9782608695652174,0.9782608695652174,0.9782608695652174,0.9782608695652174,0.9782608695652174,1.0,1.0,1.0,1.0,1.0,1.0,1.0,1.0,0.9851258581235699,0.9347826086956522,0.9782608695652174,0.9782608695652174,0.9782608695652174,0.9782608695652174,0.9782608695652174,0.9782608695652174,0.9782608695652174,0.9782608695652174,0.9782608695652174,0.9782608695652174,1.0,1.0,1.0,1.0,1.0,1.0,1.0,1,0.9851258581235699,
RandomForest_iter14.csv,0,0.8,0.10526315789473684,0.18604651162790697,0.652307622538258,0.9321647274307973,0.1904630903255387,0.2848292969473729,0.2920353982300885,0.3185840707964602,0.3893805309734513,0.4247787610619469,0.4424778761061947,0.46017699115044247,0.504424778761062,0.5486725663716814,0.6460176991150443,0.6814159292035398,0.7168141592920354,0.7964601769911505,0.8141592920353983,0.8407079646017699,0.8849557522123894,0.9026548672566371,0.9292035398230089,0.9646017699115044,1.0,0.6245439191395078,0.2920353982300885,0.3185840707964602,0.3893805309734513,0.4247787610619469,0.4424778761061947,0.46017699115044247,0.504424778761062,0.5486725663716814,0.6460176991150443,0.6814159292035398,0.7168141592920354,0.7964601769911505,0.8141592920353983,0.8407079646017699,0.8849557522123894,0.9026548672566371,0.9292035398230089,0.9646017699115044,1.0,0.6331627700464459,0.30841121495327106,0.31858407079646023,0.38938053097345127,0.4247787610619469,0.4424778761061947,0.4601769911504425,0.504424778761062,0.5486725663716814,0.6460176991150443,0.6814159292035398,0.7168141592920354,0.7964601769911505,0.8141592920353983,0.8407079646017699,0.8849557522123894,0.9026548672566371,0.75,0.5999999999999994,1,0.6609222170470423,
RandomForest_CostSensitive_iter12.csv,0,0.39285714285714285,0.6111111111111112,0.4782608695652174,0.5381959507659494,0.8962142098735687,0.7550581361281088,0.4818725172993333,0.7169811320754716,0.7547169811320755,0.8301886792452831,0.8301886792452831,0.8301886792452831,0.8301886792452831,0.8867924528301887,0.9056603773584906,0.9245283018867925,0.9245283018867925,0.9245283018867925,0.9811320754716981,0.9811320754716981,0.9811320754716981,1.0,1.0,1.0,1.0,1.0,0.9076464746772593,0.7169811320754716,0.7547169811320755,0.8301886792452831,0.8301886792452831,0.8301886792452831,0.8301886792452831,0.8867924528301887,0.9056603773584906,0.9245283018867925,0.9245283018867925,0.9245283018867925,0.9811320754716981,0.9811320754716981,0.9811320754716981,1.0,1.0,1.0,1.0,1.0,0.9106256206554121,0.7169811320754716,0.7547169811320755,0.8301886792452831,0.8301886792452831,0.8301886792452831,0.8301886792452831,0.8867924528301887,0.9056603773584906,0.9245283018867925,0.9245283018867925,0.9245283018867925,0.9811320754716981,0.9811320754716981,0.9811320754716981,1.0,1.0,1.0,1.0,1,0.9106256206554121,
NaiveBayes_SMOTE_iter20.csv,23,0.032679738562091505,0.40540540540540543,0.06048387096774194,0.03589843434608117,0.899993737154048,0.5602475522533158,0.0927659009377864,0.08108108108108109,0.13513513513513514,0.1891891891891892,0.1891891891891892,0.24324324324324326,0.3783783783783784,0.43243243243243246,0.43243243243243246,0.4864864864864865,0.5405405405405406,0.5675675675675675,0.5675675675675675,0.6756756756756757,0.7297297297297297,0.8108108108108109,0.8648648648648649,0.918918918918919,0.918918918918919,1.0,0.507823613086771,0.08108108108108109,0.13513513513513514,0.1891891891891892,0.1891891891891892,0.24324324324324326,0.3783783783783784,0.43243243243243246,0.43243243243243246,0.4864864864864865,0.5405405405405406,0.5675675675675675,0.5675675675675675,0.6756756756756757,0.7297297297297297,0.8108108108108109,0.8648648648648649,0.918918918918919,0.918918918918919,1.0,0.534850640113798,0.08108108108108114,0.1351351351351351,0.18918918918918926,0.18918918918918926,0.2432432432432432,0.3783783783783784,0.43243243243243246,0.43243243243243246,0.4864864864864865,0.5405405405405406,0.5675675675675675,0.5675675675675675,0.6756756756756757,0.7297297297297297,0.8108108108108109,0.8648648648648649,0.918918918918919,0.918918918918919,1,0.534850640113798,
IBk_BestFirst_iter20.csv,0,0.5,0.08108108108108109,0.13953488372093023,0.5112420572400809,0.9722669794293979,0.14999288608782257,0.19912829998176695,0.2702702702702703,0.35135135135135137,0.3783783783783784,0.4864864864864865,0.5675675675675675,0.5945945945945946,0.6486486486486487,0.6486486486486487,0.7027027027027027,0.7837837837837838,0.8108108108108109,0.8108108108108109,0.8648648648648649,0.8648648648648649,0.8648648648648649,0.8648648648648649,0.9459459459459459,1.0,1.0,0.6386913229018493,0.2702702702702703,0.35135135135135137,0.3783783783783784,0.4864864864864865,0.5675675675675675,0.5945945945945946,0.6486486486486487,0.6486486486486487,0.7027027027027027,0.7837837837837838,0.8108108108108109,0.8108108108108109,0.8648648648648649,0.8648648648648649,0.8648648648648649,0.8648648648648649,0.9459459459459459,1.0,1.0,0.7083926031294453,0.2702702702702703,0.3513513513513513,0.3783783783783784,0.4864864864864865,0.5675675675675675,0.5945945945945946,0.6486486486486487,0.6486486486486487,0.7027027027027027,0.7837837837837838,0.8108108108108109,0.8108108108108109,0.8648648648648649,0.8648648648648649,0.8648648648648649,0.8648648648648649,0.9459459459459459,1.0,1,0.7083926031294453,
IBk_BestFirst_iter1.csv,324,0,0.0,0.0,2.966038855109002e-05,0.9722584856396866,0.0,0,0.0,0.0,1.0,1.0,1.0,1.0,1.0,1.0,1.0,1.0,1.0,1.0,1.0,1.0,1.0,1.0,1.0,1.0,1.0,0.5263157894736842,0.0,0.0,1.0,1.0,1.0,1.0,1.0,1.0,1.0,1.0,1.0,1.0,1.0,1.0,1.0,1.0,1.0,1.0,1.0,0.8947368421052632,0.0,0.0,1.0,1.0,1.0,1.0,1.0,1.0,1.0,1.0,1.0,1.0,1.0,1.0,1.0,1.0,1.0,1.0,1,0.8947368421052632,
RandomForest_CostSensitive_iter8.csv,0,0.8333333333333334,0.17857142857142858,0.29411764705882354,0.2637492729732215,0.8949723795538773,0.3030078200353163,0.3826462433552285,0.509090909090909,0.5454545454545454,0.5818181818181818,0.6,0.6363636363636364,0.6727272727272727,0.6909090909090909,0.7090909090909091,0.7272727272727273,0.7454545454545455,0.7818181818181819,0.8,0.8,0.8181818181818182,0.8727272727272727,0.9636363636363636,1.0,1.0,1.0,0.6679425837320573,0.509090909090909,0.5454545454545454,0.5818181818181818,0.6,0.6363636363636364,0.6727272727272727,0.6909090909090909,0.7090909090909091,0.7272727272727273,0.7454545454545455,0.7818181818181819,0.8,0.8,0.8181818181818182,0.8727272727272727,0.9636363636363636,1.0,1.0,1.0,0.7607655502392344,0.509090909090909,0.5454545454545454,0.5818181818181818,0.6,0.6363636363636364,0.6727272727272727,0.6909090909090909,0.7090909090909091,0.7272727272727273,0.7454545454545455,0.7818181818181819,0.8,0.8,0.8181818181818182,0.8727272727272727,0.9636363636363636,1.0,1.0,1,0.7607655502392344,
NaiveBayes_CostSensitive_iter16.csv,43,0.03436426116838488,0.47619047619047616,0.0641025641025641,0.030555217404841174,0.9339463397299219,0.6308894959339353,0.1139637329090923,0.09523809523809523,0.14285714285714285,0.19047619047619047,0.2857142857142857,0.42857142857142855,0.5238095238095238,0.5714285714285714,0.5714285714285714,0.5714285714285714,0.6190476190476191,0.6666666666666666,0.7619047619047619,0.8095238095238095,0.9047619047619048,0.9523809523809523,1.0,1.0,1.0,1.0,0.5764411027568922,0.09523809523809523,0.14285714285714285,0.19047619047619047,0.2857142857142857,0.42857142857142855,0.5238095238095238,0.5714285714285714,0.5714285714285714,0.5714285714285714,0.6190476190476191,0.6666666666666666,0.7619047619047619,0.8095238095238095,0.9047619047619048,0.9523809523809523,1.0,1.0,1.0,1.0,0.6365914786967418,0.09523809523809523,0.1428571428571428,0.19047619047619047,0.2857142857142857,0.4285714285714286,0.5238095238095238,0.5714285714285714,0.5714285714285714,0.5714285714285714,0.6190476190476191,0.6666666666666666,0.7619047619047619,0.8095238095238095,0.9047619047619048,0.9523809523809523,1.0,1.0,1.0,1,0.6365914786967418,
RandomForest_SMOTE_iter20.csv,0,0.875,0.1891891891891892,0.3111111111111111,0.6329954801084265,0.8892159486218892,0.31817115275031005,0.4051779393432786,0.35135135135135137,0.43243243243243246,0.43243243243243246,0.4594594594594595,0.4594594594594595,0.4864864864864865,0.5135135135135135,0.5675675675675675,0.6486486486486487,0.6756756756756757,0.7837837837837838,0.8108108108108109,0.8378378378378378,0.8378378378378378,0.8378378378378378,0.8378378378378378,0.918918918918919,0.9459459459459459,1.0,0.6756756756756758,0.35135135135135137,0.43243243243243246,0.43243243243243246,0.4594594594594595,0.4594594594594595,0.4864864864864865,0.5135135135135135,0.5675675675675675,0.6486486486486487,0.6756756756756757,0.7837837837837838,0.8108108108108109,0.8378378378378378,0.8378378378378378,0.8378378378378378,0.8378378378378378,0.918918918918919,0.9459459459459459,1.0,0.6756756756756758,0.3513513513513513,0.43243243243243246,0.43243243243243246,0.45945945945945943,0.45945945945945943,0.4864864864864865,0.5135135135135135,0.5675675675675675,0.6486486486486487,0.6756756756756757,0.7837837837837838,0.8108108108108109,0.8378378378378378,0.8378378378378378,0.8378378378378378,0.8378378378378378,0.918918918918919,0.9459459459459459,1,0.6756756756756758,
RandomForest_SMOTE_iter21.csv,11,0.0,0.0,0.0,0.00637055353380435,0.9157342786455445,0.0,-0.0021108813065916056,0.23529411764705882,0.35294117647058826,0.35294117647058826,0.35294117647058826,0.35294117647058826,0.4117647058823529,0.5294117647058824,0.6470588235294118,0.7647058823529411,0.7647058823529411,0.7647058823529411,0.9411764705882353,0.9411764705882353,0.9411764705882353,0.9411764705882353,0.9411764705882353,0.9411764705882353,1.0,1.0,0.6934984520123839,0.23529411764705882,0.35294117647058826,0.35294117647058826,0.35294117647058826,0.35294117647058826,0.4117647058823529,0.5294117647058824,0.6470588235294118,0.7647058823529411,0.7647058823529411,0.7647058823529411,0.9411764705882353,0.9411764705882353,0.9411764705882353,0.9411764705882353,0.9411764705882353,0.9411764705882353,1.0,1.0,0.6934984520123839,0.23529411764705888,0.3529411764705883,0.3529411764705883,0.3529411764705883,0.3529411764705883,0.4117647058823529,0.5294117647058824,0.6470588235294118,0.7647058823529411,0.7647058823529411,0.7647058823529411,0.9411764705882353,0.9411764705882353,0.9411764705882353,0.9411764705882353,0.9411764705882353,0.9411764705882353,1.0,1,0.6934984520123839,
NaiveBayes_CostSensitive_iter17.csv,21,0.05434782608695652,0.45454545454545453,0.0970873786407767,0.05623386825680288,0.9414207557331975,0.612556259058662,0.14010696965282757,0.06060606060606061,0.12121212121212122,0.21212121212121213,0.2727272727272727,0.42424242424242425,0.5454545454545454,0.5757575757575758,0.6060606060606061,0.6060606060606061,0.6363636363636364,0.6666666666666666,0.7575757575757576,0.7878787878787878,0.8787878787878788,0.8787878787878788,0.9393939393939394,0.9393939393939394,1.0,1.0,0.5885167464114831,0.06060606060606061,0.12121212121212122,0.21212121212121213,0.2727272727272727,0.42424242424242425,0.5454545454545454,0.5757575757575758,0.6060606060606061,0.6060606060606061,0.6363636363636364,0.6666666666666666,0.7575757575757576,0.7878787878787878,0.8787878787878788,0.8787878787878788,0.9393939393939394,0.9393939393939394,1.0,1.0,0.6267942583732058,0.06060606060606055,0.12121212121212122,0.21212121212121215,0.2727272727272727,0.4242424242424243,0.5454545454545454,0.5757575757575758,0.6060606060606061,0.6060606060606061,0.6363636363636364,0.6666666666666666,0.7575757575757576,0.7878787878787878,0.8787878787878788,0.8787878787878788,0.9393939393939394,0.9393939393939394,1.0,1,0.6267942583732058,
RandomForest_CostSensitive_iter9.csv,0,0.4470588235294118,0.7307692307692307,0.5547445255474452,0.5679923086867181,0.9765469249576828,0.8403198634782418,0.5648693472780657,0.8823529411764706,0.9607843137254902,0.9607843137254902,0.9803921568627451,0.9803921568627451,1.0,1.0,1.0,1.0,1.0,1.0,1.0,1.0,1.0,1.0,1.0,1.0,1.0,1.0,0.9649122807017545,0.8823529411764706,0.9607843137254902,0.9607843137254902,0.9803921568627451,0.9803921568627451,1.0,1.0,1.0,1.0,1.0,1.0,1.0,1.0,1.0,1.0,1.0,1.0,1.0,1.0,0.9876160990712075,0.8823529411764706,0.9607843137254902,0.9607843137254902,0.9803921568627451,0.9803921568627451,1.0,1.0,1.0,1.0,1.0,1.0,1.0,1.0,1.0,1.0,1.0,1.0,1.0,1,0.9876160990712075,
IBk_BestFirst_iter21.csv,6,0.0,0.0,0.0,0.025352763259352085,0.9605750649286706,0.0,-0.001492151288553002,0.23529411764705882,0.23529411764705882,0.23529411764705882,0.35294117647058826,0.35294117647058826,0.4117647058823529,0.47058823529411764,0.47058823529411764,0.5882352941176471,0.8235294117647058,1.0,1.0,1.0,1.0,1.0,1.0,1.0,1.0,1.0,0.628482972136223,0.23529411764705882,0.23529411764705882,0.23529411764705882,0.35294117647058826,0.35294117647058826,0.4117647058823529,0.47058823529411764,0.47058823529411764,0.5882352941176471,0.8235294117647058,1.0,1.0,1.0,1.0,1.0,1.0,1.0,1.0,1.0,0.6934984520123839,0.23529411764705888,0.23529411764705888,0.23529411764705888,0.3529411764705883,0.3529411764705883,0.4117647058823529,0.47058823529411764,0.47058823529411764,0.5882352941176471,0.8235294117647058,1.0,1.0,1.0,1.0,1.0,1.0,1.0,1.0,1,0.6934984520123839,
NaiveBayes_SMOTE_iter21.csv,61,0.015590200445434299,0.4117647058823529,0.030042918454935622,0.01565283640173318,0.9030685720615935,0.5664943740553451,0.0651391763149579,0.17647058823529413,0.23529411764705882,0.23529411764705882,0.23529411764705882,0.23529411764705882,0.23529411764705882,0.29411764705882354,0.35294117647058826,0.4117647058823529,0.47058823529411764,0.5294117647058824,0.6470588235294118,0.6470588235294118,0.6470588235294118,0.7647058823529411,0.8235294117647058,0.8823529411764706,1.0,1.0,0.49226006191950467,0.17647058823529413,0.23529411764705882,0.23529411764705882,0.23529411764705882,0.23529411764705882,0.23529411764705882,0.29411764705882354,0.35294117647058826,0.4117647058823529,0.47058823529411764,0.5294117647058824,0.6470588235294118,0.6470588235294118,0.6470588235294118,0.7647058823529411,0.8235294117647058,0.8823529411764706,1.0,1.0,0.5170278637770899,0.17647058823529416,0.23529411764705888,0.23529411764705888,0.23529411764705888,0.23529411764705888,0.23529411764705888,0.2941176470588236,0.3529411764705883,0.4117647058823529,0.47058823529411764,0.5294117647058824,0.6470588235294118,0.6470588235294118,0.6470588235294118,0.7647058823529411,0.8235294117647058,0.8823529411764706,1.0,1,0.5170278637770899,
RandomForest_CostSensitive_iter13.csv,0,0.21333333333333335,0.2711864406779661,0.23880597014925373,0.36963707612131547,0.7647263969408642,0.4253518919907033,0.22830174455416094,0.29310344827586204,0.39655172413793105,0.4482758620689655,0.4827586206896552,0.5,0.5,0.6379310344827587,0.6379310344827587,0.6551724137931034,0.7758620689655172,0.8103448275862069,0.8103448275862069,0.8448275862068966,0.8793103448275862,0.9482758620689655,1.0,1.0,1.0,1.0,0.7241379310344828,0.29310344827586204,0.39655172413793105,0.4482758620689655,0.4827586206896552,0.5,0.5,0.6379310344827587,0.6379310344827587,0.6551724137931034,0.7758620689655172,0.8103448275862069,0.8103448275862069,0.8448275862068966,0.8793103448275862,0.9482758620689655,1.0,1.0,1.0,1.0,0.7168784029038112,0.2931034482758621,0.39655172413793105,0.4482758620689655,0.48275862068965525,0.5,0.5,0.6379310344827587,0.6379310344827587,0.6551724137931034,0.7758620689655172,0.8103448275862069,0.8103448275862069,0.8448275862068966,0.8793103448275862,0.9482758620689655,1.0,1.0,1.0,1,0.7168784029038112,
RandomForest_iter15.csv,11,0.11363636363636363,0.35714285714285715,0.1724137931034483,0.05244968678753142,0.9606543176972275,0.5250475743271631,0.19701578225739177,0.6428571428571429,0.7857142857142857,0.9285714285714286,0.9285714285714286,1.0,1.0,1.0,1.0,1.0,1.0,1.0,1.0,1.0,1.0,1.0,1.0,1.0,1.0,1.0,0.8759398496240601,0.6428571428571429,0.7857142857142857,0.9285714285714286,0.9285714285714286,1.0,1.0,1.0,1.0,1.0,1.0,1.0,1.0,1.0,1.0,1.0,1.0,1.0,1.0,1.0,0.9624060150375939,0.6428571428571429,0.7857142857142857,0.9285714285714286,0.9285714285714286,1.0,1.0,1.0,1.0,1.0,1.0,1.0,1.0,1.0,1.0,1.0,1.0,1.0,1.0,1,0.9624060150375939,
RandomForest_iter24.csv,143,0,0.0,0.0,0.0002889865697294173,0.9661048391371176,0.0,0,0.05263157894736842,0.05263157894736842,0.21052631578947367,0.21052631578947367,0.21052631578947367,0.2631578947368421,0.2631578947368421,0.3157894736842105,0.3684210526315789,0.631578947368421,0.7894736842105263,0.7894736842105263,0.7894736842105263,0.7894736842105263,0.8421052631578947,0.8947368421052632,0.9473684210526315,1.0,1.0,0.554016620498615,0.05263157894736842,0.05263157894736842,0.21052631578947367,0.21052631578947367,0.21052631578947367,0.2631578947368421,0.2631578947368421,0.3157894736842105,0.3684210526315789,0.631578947368421,0.7894736842105263,0.7894736842105263,0.7894736842105263,0.7894736842105263,0.8421052631578947,0.8947368421052632,0.9473684210526315,1.0,1.0,0.5484764542936288,0.05263157894736836,0.05263157894736836,0.21052631578947367,0.21052631578947367,0.21052631578947367,0.26315789473684204,0.26315789473684204,0.3157894736842105,0.368421052631579,0.631578947368421,0.7894736842105263,0.7894736842105263,0.7894736842105263,0.7894736842105263,0.8421052631578947,0.8947368421052632,0.9473684210526315,1.0,1,0.5484764542936288,
RandomForest_iter18.csv,32,0.0,0.0,0.0,0.00418965953165135,0.9463042397115503,0.0,-0.002699222252634196,0.35714285714285715,0.42857142857142855,0.42857142857142855,0.6428571428571429,0.7142857142857143,0.8571428571428571,0.8571428571428571,0.9285714285714286,0.9285714285714286,0.9285714285714286,0.9285714285714286,0.9285714285714286,0.9285714285714286,1.0,1.0,1.0,1.0,1.0,1.0,0.8270676691729324,0.35714285714285715,0.42857142857142855,0.42857142857142855,0.6428571428571429,0.7142857142857143,0.8571428571428571,0.8571428571428571,0.9285714285714286,0.9285714285714286,0.9285714285714286,0.9285714285714286,0.9285714285714286,0.9285714285714286,1.0,1.0,1.0,1.0,1.0,1.0,0.8345864661654135,0.3571428571428572,0.4285714285714286,0.4285714285714286,0.6428571428571429,0.7142857142857143,0.8571428571428571,0.8571428571428571,0.9285714285714286,0.9285714285714286,0.9285714285714286,0.9285714285714286,0.9285714285714286,0.9285714285714286,1.0,1.0,1.0,1.0,1.0,1,0.8345864661654135,
NaiveBayes_SMOTE_iter10.csv,12,0.03761755485893417,0.24489795918367346,0.06521739130434782,0.03742308454810148,0.8779530294608123,0.38729542090597946,0.06902527836005522,0.14583333333333334,0.1875,0.25,0.2708333333333333,0.2708333333333333,0.3333333333333333,0.4166666666666667,0.4375,0.4583333333333333,0.5208333333333334,0.5416666666666666,0.6041666666666666,0.6666666666666666,0.8125,0.8958333333333334,0.9583333333333334,0.9791666666666666,0.9791666666666666,1.0,0.4758771929824561,0.14583333333333334,0.1875,0.25,0.2708333333333333,0.2708333333333333,0.3333333333333333,0.4166666666666667,0.4375,0.4583333333333333,0.5208333333333334,0.5416666666666666,0.6041666666666666,0.6666666666666666,0.8125,0.8958333333333334,0.9583333333333334,0.9791666666666666,0.9791666666666666,1.0,0.5646929824561403,0.14583333333333337,0.1875,0.25,0.27083333333333326,0.27083333333333326,0.33333333333333326,0.41666666666666674,0.4375,0.45833333333333326,0.5208333333333334,0.5416666666666666,0.6041666666666666,0.6666666666666666,0.8125,0.8958333333333334,0.9583333333333334,0.9791666666666666,0.9791666666666666,1,0.5646929824561403,
RandomForest_CostSensitive_iter22.csv,2047,0.0,0.0,0.0,7.285841787945574e-05,0.9023460998596351,0.0,-0.0012037317192640895,0.0,0.0,0.0,0.0,0.25,0.25,0.25,0.25,0.25,0.25,0.25,0.25,0.25,0.25,0.25,0.25,0.75,0.75,1.0,0.2894736842105263,0.0,0.0,0.0,0.0,0.25,0.25,0.25,0.25,0.25,0.25,0.25,0.25,0.25,0.25,0.25,0.25,0.75,0.75,1.0,0.2894736842105263,0.0,0.0,0.0,0.0,0.25,0.25,0.25,0.25,0.25,0.25,0.25,0.25,0.25,0.25,0.25,0.25,0.75,0.75,1,0.2894736842105263,
NaiveBayes_CostSensitive_iter26.csv,42,0.010752688172043012,0.11538461538461539,0.019672131147540985,0.0102638667592593,0.956567413245405,0.20609876497215135,0.024623185048254673,0.07692307692307693,0.07692307692307693,0.11538461538461539,0.15384615384615385,0.15384615384615385,0.15384615384615385,0.15384615384615385,0.23076923076923078,0.23076923076923078,0.2692307692307692,0.3076923076923077,0.34615384615384615,0.6153846153846154,0.6153846153846154,0.7692307692307693,0.8846153846153846,0.8846153846153846,0.9230769230769231,1.0,0.3603238866396761,0.07692307692307693,0.07692307692307693,0.11538461538461539,0.15384615384615385,0.15384615384615385,0.15384615384615385,0.15384615384615385,0.23076923076923078,0.23076923076923078,0.2692307692307692,0.3076923076923077,0.34615384615384615,0.6153846153846154,0.6153846153846154,0.7692307692307693,0.8846153846153846,0.8846153846153846,0.9230769230769231,1.0,0.4190283400809717,0.07692307692307687,0.07692307692307687,0.11538461538461542,0.15384615384615385,0.15384615384615385,0.15384615384615385,0.15384615384615385,0.23076923076923084,0.23076923076923084,0.26923076923076916,0.3076923076923077,0.34615384615384615,0.6153846153846154,0.6153846153846154,0.7692307692307693,0.8846153846153846,0.8846153846153846,0.9230769230769231,1,0.4190283400809717,
RandomForest_CostSensitive_iter4.csv,0,0.6363636363636364,0.4117647058823529,0.5,0.5168801724215384,0.9838121997643432,0.5831234256926952,0.5098871198747357,0.7647058823529411,0.8235294117647058,0.8235294117647058,0.8235294117647058,0.9411764705882353,0.9411764705882353,0.9411764705882353,0.9411764705882353,0.9411764705882353,0.9411764705882353,0.9411764705882353,0.9411764705882353,0.9411764705882353,1.0,1.0,1.0,1.0,1.0,1.0,0.931888544891641,0.7647058823529411,0.8235294117647058,0.8235294117647058,0.8235294117647058,0.9411764705882353,0.9411764705882353,0.9411764705882353,0.9411764705882353,0.9411764705882353,0.9411764705882353,0.9411764705882353,0.9411764705882353,0.9411764705882353,1.0,1.0,1.0,1.0,1.0,1.0,0.931888544891641,0.7647058823529411,0.8235294117647058,0.8235294117647058,0.8235294117647058,0.9411764705882353,0.9411764705882353,0.9411764705882353,0.9411764705882353,0.9411764705882353,0.9411764705882353,0.9411764705882353,0.9411764705882353,0.9411764705882353,1.0,1.0,1.0,1.0,1.0,1,0.931888544891641,
IBk_BestFirst_iter10.csv,0,0.8333333333333334,0.20408163265306123,0.32786885245901637,0.5770241675075184,0.8953386802191692,0.3389550946352728,0.40957165859200145,0.6458333333333334,0.7083333333333334,0.7916666666666666,0.8333333333333334,0.8541666666666666,0.8541666666666666,0.875,0.875,0.9375,0.9375,0.9375,0.9583333333333334,0.9583333333333334,0.9583333333333334,0.9583333333333334,0.9791666666666666,0.9791666666666666,1.0,1.0,0.7927631578947367,0.6458333333333334,0.7083333333333334,0.7916666666666666,0.8333333333333334,0.8541666666666666,0.8541666666666666,0.875,0.875,0.9375,0.9375,0.9375,0.9583333333333334,0.9583333333333334,0.9583333333333334,0.9583333333333334,0.9791666666666666,0.9791666666666666,1.0,1.0,0.8969298245614036,0.6458333333333334,0.7083333333333334,0.7916666666666666,0.8333333333333334,0.8541666666666666,0.8541666666666666,0.875,0.875,0.9375,0.9375,0.9375,0.9583333333333334,0.9583333333333334,0.9583333333333334,0.9583333333333334,0.9791666666666666,0.9791666666666666,1.0,1,0.8969298245614036,
IBk_iter1.csv,115,0,0.0,0.0,2.966038855109002e-05,1.0,0.0,0,1.0,1.0,1.0,1.0,1.0,1.0,1.0,1.0,1.0,1.0,1.0,1.0,1.0,1.0,1.0,1.0,1.0,1.0,1.0,1.0,1.0,1.0,1.0,1.0,1.0,1.0,1.0,1.0,1.0,1.0,1.0,1.0,1.0,1.0,1.0,1.0,1.0,1.0,1.0,1.0,1.0,1.0,1.0,1.0,1.0,1.0,1.0,1.0,1.0,1.0,1.0,1.0,1.0,1.0,1.0,1.0,1.0,1.0,1,1.0,
RandomForest_SMOTE_iter10.csv,0,0.3119266055045872,0.6938775510204082,0.43037974683544306,0.3454168626940588,0.9322689192408484,0.8130892331934328,0.4563424345186769,0.8333333333333334,0.8958333333333334,0.8958333333333334,0.9166666666666666,0.9375,0.9375,0.9375,0.9375,0.9583333333333334,0.9583333333333334,0.9583333333333334,0.9583333333333334,0.9583333333333334,0.9583333333333334,0.9583333333333334,0.9583333333333334,0.9583333333333334,0.9791666666666666,1.0,0.9265350877192985,0.8333333333333334,0.8958333333333334,0.8958333333333334,0.9166666666666666,0.9375,0.9375,0.9375,0.9375,0.9583333333333334,0.9583333333333334,0.9583333333333334,0.9583333333333334,0.9583333333333334,0.9583333333333334,0.9583333333333334,0.9583333333333334,0.9583333333333334,0.9791666666666666,1.0,0.941885964912281,0.8333333333333334,0.8958333333333334,0.8958333333333334,0.9166666666666666,0.9375,0.9375,0.9375,0.9375,0.9583333333333334,0.9583333333333334,0.9583333333333334,0.9583333333333334,0.9583333333333334,0.9583333333333334,0.9583333333333334,0.9583333333333334,0.9583333333333334,0.9791666666666666,1,0.941885964912281,
RandomForest_SMOTE_iter11.csv,0,0.07933194154488518,0.7755102040816326,0.14393939393939395,0.26125595884769215,0.9290490874982058,0.8301353933050918,0.22593353892458723,0.8125,0.875,0.875,0.875,0.875,0.8958333333333334,0.8958333333333334,0.9166666666666666,0.9375,0.9375,0.9375,0.9375,0.9375,0.9375,0.9583333333333334,0.9583333333333334,0.9583333333333334,1.0,1.0,0.923245614035088,0.8125,0.875,0.875,0.875,0.875,0.8958333333333334,0.8958333333333334,0.9166666666666666,0.9375,0.9375,0.9375,0.9375,0.9375,0.9375,0.9583333333333334,0.9583333333333334,0.9583333333333334,1.0,1.0,0.9221491228070177,0.8125,0.875,0.875,0.875,0.875,0.8958333333333334,0.8958333333333334,0.9166666666666666,0.9375,0.9375,0.9375,0.9375,0.9375,0.9375,0.9583333333333334,0.9583333333333334,0.9583333333333334,1.0,1,0.9221491228070177,
RandomForest_CostSensitive_iter5.csv,0,0.6923076923076923,0.07563025210084033,0.13636363636363635,0.6430212529028958,0.9364217560317407,0.14061418869858622,0.22232228024356535,0.1864406779661017,0.2033898305084746,0.2711864406779661,0.288135593220339,0.3474576271186441,0.4576271186440678,0.5338983050847458,0.5677966101694916,0.6271186440677966,0.6864406779661016,0.7627118644067796,0.7711864406779662,0.7796610169491526,0.8135593220338984,0.847457627118644,0.8559322033898306,0.9067796610169492,0.9661016949152542,1.0,0.5725175172574695,0.1864406779661017,0.2033898305084746,0.2711864406779661,0.288135593220339,0.3474576271186441,0.4576271186440678,0.5338983050847458,0.5677966101694916,0.6271186440677966,0.6864406779661016,0.7627118644067796,0.7711864406779662,0.7796610169491526,0.8135593220338984,0.847457627118644,0.8559322033898306,0.9067796610169492,0.9661016949152542,1.0,0.5754189463840184,0.2075471698113207,0.20869565217391306,0.27118644067796605,0.288135593220339,0.34745762711864403,0.4576271186440678,0.5338983050847458,0.5677966101694916,0.6271186440677966,0.6864406779661016,0.7627118644067796,0.7711864406779662,0.7796610169491526,0.8135593220338984,0.847457627118644,0.6851851851851853,0.5217391304347828,0.5555555555555554,1,0.6248884924174843,
IBk_BestFirst_iter11.csv,0,1.0,0.24489795918367346,0.39344262295081966,0.7098384930951572,0.947774307394556,0.39344262295081966,0.4926659925545706,0.6875,0.7708333333333334,0.8333333333333334,0.8333333333333334,0.8958333333333334,0.9166666666666666,0.9166666666666666,0.9166666666666666,0.9166666666666666,0.9375,0.9583333333333334,0.9583333333333334,0.9583333333333334,0.9791666666666666,0.9791666666666666,0.9791666666666666,1.0,1.0,1.0,0.9057017543859649,0.6875,0.7708333333333334,0.8333333333333334,0.8333333333333334,0.8958333333333334,0.9166666666666666,0.9166666666666666,0.9166666666666666,0.9166666666666666,0.9375,0.9583333333333334,0.9583333333333334,0.9583333333333334,0.9791666666666666,0.9791666666666666,0.9791666666666666,1.0,1.0,1.0,0.9177631578947368,0.6875,0.7708333333333334,0.8333333333333334,0.8333333333333334,0.8958333333333334,0.9166666666666666,0.9166666666666666,0.9166666666666666,0.9166666666666666,0.9375,0.9583333333333334,0.9583333333333334,0.9583333333333334,0.9791666666666666,0.9791666666666666,0.9791666666666666,1.0,1.0,1,0.9177631578947368,
NaiveBayes_CostSensitive_iter27.csv,26,0.06557377049180328,0.36363636363636365,0.1111111111111111,0.06358786981480628,0.9621068787129053,0.5284962757441053,0.14241514652691645,0.09302325581395349,0.13953488372093023,0.20930232558139536,0.27906976744186046,0.32558139534883723,0.3953488372093023,0.4186046511627907,0.46511627906976744,0.5116279069767442,0.5348837209302325,0.5813953488372093,0.6511627906976745,0.6744186046511628,0.7209302325581395,0.7441860465116279,0.7906976744186046,0.8837209302325582,0.9302325581395349,1.0,0.5691554467564259,0.09302325581395349,0.13953488372093023,0.20930232558139536,0.27906976744186046,0.32558139534883723,0.3953488372093023,0.4186046511627907,0.46511627906976744,0.5116279069767442,0.5348837209302325,0.5813953488372093,0.6511627906976745,0.6744186046511628,0.7209302325581395,0.7441860465116279,0.7906976744186046,0.8837209302325582,0.9302325581395349,1.0,0.5446756425948592,0.09302325581395343,0.13953488372093026,0.2093023255813954,0.2790697674418605,0.32558139534883723,0.39534883720930236,0.4186046511627908,0.4651162790697674,0.5116279069767442,0.5348837209302325,0.5813953488372093,0.6511627906976745,0.6744186046511628,0.7209302325581395,0.7441860465116279,0.7906976744186046,0.8837209302325582,0.9302325581395349,1,0.5446756425948592,
RandomForest_CostSensitive_iter23.csv,70,0.0,0.0,0.0,0.0020182278514050103,0.9471052224570812,0.0,-0.0013504132101433272,0.2857142857142857,0.42857142857142855,0.42857142857142855,0.42857142857142855,0.42857142857142855,0.7142857142857143,0.7142857142857143,0.7142857142857143,0.7142857142857143,0.7142857142857143,0.7142857142857143,0.7142857142857143,0.8571428571428571,0.8571428571428571,0.8571428571428571,1.0,1.0,1.0,1.0,0.6541353383458647,0.2857142857142857,0.42857142857142855,0.42857142857142855,0.42857142857142855,0.42857142857142855,0.7142857142857143,0.7142857142857143,0.7142857142857143,0.7142857142857143,0.7142857142857143,0.7142857142857143,0.7142857142857143,0.8571428571428571,0.8571428571428571,0.8571428571428571,1.0,1.0,1.0,1.0,0.7142857142857144,0.2857142857142857,0.4285714285714286,0.4285714285714286,0.4285714285714286,0.4285714285714286,0.7142857142857143,0.7142857142857143,0.7142857142857143,0.7142857142857143,0.7142857142857143,0.7142857142857143,0.7142857142857143,0.8571428571428571,0.8571428571428571,0.8571428571428571,1.0,1.0,1.0,1,0.7142857142857144,
NaiveBayes_SMOTE_iter11.csv,15,0.038922155688622756,0.2653061224489796,0.06788511749347259,0.0398766001177415,0.8853371084063023,0.41206017582545845,0.07441575273206459,0.16666666666666666,0.25,0.2708333333333333,0.3125,0.3333333333333333,0.3541666666666667,0.3958333333333333,0.4166666666666667,0.4583333333333333,0.5,0.5833333333333334,0.5833333333333334,0.6875,0.7083333333333334,0.7916666666666666,0.8958333333333334,0.9166666666666666,0.9583333333333334,1.0,0.4462719298245614,0.16666666666666666,0.25,0.2708333333333333,0.3125,0.3333333333333333,0.3541666666666667,0.3958333333333333,0.4166666666666667,0.4583333333333333,0.5,0.5833333333333334,0.5833333333333334,0.6875,0.7083333333333334,0.7916666666666666,0.8958333333333334,0.9166666666666666,0.9583333333333334,1.0,0.5570175438596491,0.16666666666666663,0.25,0.27083333333333326,0.3125,0.33333333333333326,0.35416666666666674,0.39583333333333326,0.41666666666666674,0.45833333333333326,0.5,0.5833333333333334,0.5833333333333334,0.6875,0.7083333333333334,0.7916666666666666,0.8958333333333334,0.9166666666666666,0.9583333333333334,1,0.5570175438596492,
RandomForest_iter19.csv,0,1.0,0.3684210526315789,0.5384615384615384,0.4236159112307828,0.9571083139364078,0.5384615384615384,0.6061966351104643,0.47368421052631576,0.47368421052631576,0.5263157894736842,0.631578947368421,0.631578947368421,0.631578947368421,0.631578947368421,0.631578947368421,0.7368421052631579,0.8421052631578947,0.8947368421052632,0.9473684210526315,1.0,1.0,1.0,1.0,1.0,1.0,1.0,0.7894736842105263,0.47368421052631576,0.47368421052631576,0.5263157894736842,0.631578947368421,0.631578947368421,0.631578947368421,0.631578947368421,0.631578947368421,0.7368421052631579,0.8421052631578947,0.8947368421052632,0.9473684210526315,1.0,1.0,1.0,1.0,1.0,1.0,1.0,0.7922437673130194,0.4736842105263157,0.4736842105263157,0.5263157894736842,0.631578947368421,0.631578947368421,0.631578947368421,0.631578947368421,0.631578947368421,0.7368421052631579,0.8421052631578947,0.8947368421052632,0.9473684210526315,1.0,1.0,1.0,1.0,1.0,1.0,1,0.7922437673130194,
RandomForest_iter25.csv,7,0,0.0,0.0,0.005140754286345537,0.9721157197629838,0.0,0,0.2631578947368421,0.3684210526315789,0.42105263157894735,0.47368421052631576,0.5789473684210527,0.6842105263157895,0.7368421052631579,0.8421052631578947,0.8947368421052632,0.8947368421052632,0.8947368421052632,0.8947368421052632,0.8947368421052632,0.8947368421052632,0.8947368421052632,0.9473684210526315,0.9473684210526315,1.0,1.0,0.7673130193905817,0.2631578947368421,0.3684210526315789,0.42105263157894735,0.47368421052631576,0.5789473684210527,0.6842105263157895,0.7368421052631579,0.8421052631578947,0.8947368421052632,0.8947368421052632,0.8947368421052632,0.8947368421052632,0.8947368421052632,0.8947368421052632,0.8947368421052632,0.9473684210526315,0.9473684210526315,1.0,1.0,0.7645429362880887,0.26315789473684204,0.368421052631579,0.42105263157894735,0.4736842105263157,0.5789473684210527,0.6842105263157895,0.7368421052631579,0.8421052631578947,0.8947368421052632,0.8947368421052632,0.8947368421052632,0.8947368421052632,0.8947368421052632,0.8947368421052632,0.8947368421052632,0.9473684210526315,0.9473684210526315,1.0,1,0.7645429362880887,
RandomForest_iter27.csv,1,0.5,0.045454545454545456,0.08333333333333333,0.17980868946624923,0.9643395826993552,0.08695542094702796,0.14935616159389634,0.20930232558139536,0.2558139534883721,0.27906976744186046,0.32558139534883723,0.3488372093023256,0.4418604651162791,0.4883720930232558,0.4883720930232558,0.5348837209302325,0.6511627906976745,0.6744186046511628,0.6744186046511628,0.7209302325581395,0.7906976744186046,0.8372093023255814,0.8837209302325582,0.9069767441860465,0.9534883720930233,1.0,0.6083231334149326,0.20930232558139536,0.2558139534883721,0.27906976744186046,0.32558139534883723,0.3488372093023256,0.4418604651162791,0.4883720930232558,0.4883720930232558,0.5348837209302325,0.6511627906976745,0.6744186046511628,0.6744186046511628,0.7209302325581395,0.7906976744186046,0.8372093023255814,0.8837209302325582,0.9069767441860465,0.9534883720930233,1.0,0.6034271725826192,0.2093023255813954,0.2558139534883721,0.2790697674418605,0.32558139534883723,0.34883720930232553,0.4418604651162791,0.4883720930232558,0.4883720930232558,0.5348837209302325,0.6511627906976745,0.6744186046511628,0.6744186046511628,0.7209302325581395,0.7906976744186046,0.8372093023255814,0.8837209302325582,0.9069767441860465,0.9534883720930233,1,0.6034271725826192,
NaiveBayes_SMOTE_iter13.csv,9,0.06626506024096386,0.3728813559322034,0.11253196930946291,0.06383441479019522,0.8973244874430202,0.5314980668371686,0.12992269036316983,0.13793103448275862,0.20689655172413793,0.25862068965517243,0.29310344827586204,0.3448275862068966,0.3448275862068966,0.3620689655172414,0.41379310344827586,0.43103448275862066,0.43103448275862066,0.5344827586206896,0.5862068965517241,0.7758620689655172,0.7931034482758621,0.8448275862068966,0.8793103448275862,0.9310344827586207,0.9655172413793104,1.0,0.48132581908491734,0.13793103448275862,0.20689655172413793,0.25862068965517243,0.29310344827586204,0.3448275862068966,0.3448275862068966,0.3620689655172414,0.41379310344827586,0.43103448275862066,0.43103448275862066,0.5344827586206896,0.5862068965517241,0.7758620689655172,0.7931034482758621,0.8448275862068966,0.8793103448275862,0.9310344827586207,0.9655172413793104,1.0,0.5534912599102111,0.13793103448275867,0.2068965517241379,0.2586206896551724,0.2931034482758621,0.3448275862068966,0.3448275862068966,0.3620689655172413,0.4137931034482758,0.43103448275862066,0.43103448275862066,0.5344827586206896,0.5862068965517241,0.7758620689655172,0.7931034482758621,0.8448275862068966,0.8793103448275862,0.9310344827586207,0.9473684210526316,1,0.5544464609800362,
RandomForest_CostSensitive_iter21.csv,0,0.08333333333333333,0.058823529411764705,0.06896551724137931,0.16976848320983137,0.9050256637494917,0.1110968719053999,0.06723922435171845,0.29411764705882354,0.35294117647058826,0.35294117647058826,0.35294117647058826,0.4117647058823529,0.5294117647058824,0.6470588235294118,0.7647058823529411,0.7647058823529411,0.7647058823529411,0.8823529411764706,0.9411764705882353,0.9411764705882353,0.9411764705882353,0.9411764705882353,0.9411764705882353,1.0,1.0,1.0,0.7213622291021672,0.29411764705882354,0.35294117647058826,0.35294117647058826,0.35294117647058826,0.4117647058823529,0.5294117647058824,0.6470588235294118,0.7647058823529411,0.7647058823529411,0.7647058823529411,0.8823529411764706,0.9411764705882353,0.9411764705882353,0.9411764705882353,0.9411764705882353,0.9411764705882353,1.0,1.0,1.0,0.7275541795665635,0.2941176470588236,0.3529411764705883,0.3529411764705883,0.3529411764705883,0.4117647058823529,0.5294117647058824,0.6470588235294118,0.7647058823529411,0.7647058823529411,0.7647058823529411,0.8823529411764706,0.9411764705882353,0.9411764705882353,0.9411764705882353,0.9411764705882353,0.9411764705882353,1.0,1.0,1,0.7275541795665635,
NaiveBayes_CostSensitive_iter25.csv,12,0.02631578947368421,0.42105263157894735,0.04953560371517028,0.02741522518036081,0.9398745207389345,0.5813521307273309,0.09272467881657151,0.15789473684210525,0.15789473684210525,0.21052631578947367,0.2631578947368421,0.2631578947368421,0.3157894736842105,0.42105263157894735,0.42105263157894735,0.47368421052631576,0.5263157894736842,0.5263157894736842,0.5789473684210527,0.6842105263157895,0.7894736842105263,0.8947368421052632,0.9473684210526315,0.9473684210526315,1.0,1.0,0.5623268698060941,0.15789473684210525,0.15789473684210525,0.21052631578947367,0.2631578947368421,0.2631578947368421,0.3157894736842105,0.42105263157894735,0.42105263157894735,0.47368421052631576,0.5263157894736842,0.5263157894736842,0.5789473684210527,0.6842105263157895,0.7894736842105263,0.8947368421052632,0.9473684210526315,0.9473684210526315,1.0,1.0,0.556786703601108,0.1578947368421053,0.1578947368421053,0.21052631578947367,0.26315789473684204,0.26315789473684204,0.3157894736842105,0.42105263157894735,0.42105263157894735,0.4736842105263157,0.5263157894736842,0.5263157894736842,0.5789473684210527,0.6842105263157895,0.7894736842105263,0.8947368421052632,0.9473684210526315,0.9473684210526315,1.0,1,0.556786703601108,
IBk_BestFirst_iter13.csv,0,0.5714285714285714,0.13559322033898305,0.2191780821917808,0.48800449086845266,0.943609500715959,0.23876450223027748,0.27388622626706305,0.3103448275862069,0.3448275862068966,0.3793103448275862,0.46551724137931033,0.46551724137931033,0.5172413793103449,0.5689655172413793,0.603448275862069,0.6724137931034483,0.7068965517241379,0.8103448275862069,0.8275862068965517,0.8275862068965517,0.8275862068965517,0.8275862068965517,0.8448275862068966,0.9827586206896551,1.0,1.0,0.6232686980609418,0.3103448275862069,0.3448275862068966,0.3793103448275862,0.46551724137931033,0.46551724137931033,0.5172413793103449,0.5689655172413793,0.603448275862069,0.6724137931034483,0.7068965517241379,0.8103448275862069,0.8275862068965517,0.8275862068965517,0.8275862068965517,0.8275862068965517,0.8448275862068966,0.9827586206896551,1.0,1.0,0.6833030852994555,0.31034482758620685,0.3448275862068966,0.3793103448275862,0.4655172413793103,0.4655172413793103,0.5172413793103449,0.5689655172413793,0.603448275862069,0.6724137931034483,0.7068965517241379,0.8103448275862069,0.8275862068965517,0.8275862068965517,0.8275862068965517,0.8275862068965517,0.8448275862068966,0.9827586206896551,1.0,1,0.6833030852994555,
RandomForest_CostSensitive_iter7.csv,0,0.25,0.38095238095238093,0.3018867924528302,0.3892521910234212,0.8641016652059594,0.5499159319603643,0.2998750792796295,0.5365853658536586,0.5365853658536586,0.5609756097560976,0.5609756097560976,0.5609756097560976,0.5609756097560976,0.6097560975609756,0.6585365853658537,0.6829268292682927,0.8048780487804879,0.8780487804878049,0.9024390243902439,0.9512195121951219,0.9512195121951219,0.975609756097561,0.975609756097561,0.975609756097561,0.975609756097561,1.0,0.7291399229781772,0.5365853658536586,0.5365853658536586,0.5609756097560976,0.5609756097560976,0.5609756097560976,0.5609756097560976,0.6097560975609756,0.6585365853658537,0.6829268292682927,0.8048780487804879,0.8780487804878049,0.9024390243902439,0.9512195121951219,0.9512195121951219,0.975609756097561,0.975609756097561,0.975609756097561,0.975609756097561,1.0,0.7715019255455713,0.5365853658536586,0.5365853658536586,0.5609756097560976,0.5609756097560976,0.5609756097560976,0.5609756097560976,0.6097560975609756,0.6585365853658537,0.6829268292682927,0.8048780487804879,0.8780487804878049,0.9024390243902439,0.9512195121951219,0.9512195121951219,0.975609756097561,0.975609756097561,0.975609756097561,0.975609756097561,1,0.7715019255455713,
NaiveBayes_CostSensitive_iter19.csv,55,0.026058631921824105,0.42105263157894735,0.049079754601226995,0.021942495658210857,0.9318772457119607,0.5807886080692842,0.0916572729162025,0.15789473684210525,0.21052631578947367,0.2631578947368421,0.3157894736842105,0.3684210526315789,0.42105263157894735,0.42105263157894735,0.42105263157894735,0.42105263157894735,0.47368421052631576,0.47368421052631576,0.5789473684210527,0.7368421052631579,0.7368421052631579,0.7894736842105263,0.8421052631578947,0.8947368421052632,0.9473684210526315,1.0,0.47091412742382266,0.15789473684210525,0.21052631578947367,0.2631578947368421,0.3157894736842105,0.3684210526315789,0.42105263157894735,0.42105263157894735,0.42105263157894735,0.42105263157894735,0.47368421052631576,0.47368421052631576,0.5789473684210527,0.7368421052631579,0.7368421052631579,0.7894736842105263,0.8421052631578947,0.8947368421052632,0.9473684210526315,1.0,0.551246537396122,0.1578947368421053,0.21052631578947367,0.26315789473684204,0.3157894736842105,0.368421052631579,0.42105263157894735,0.42105263157894735,0.42105263157894735,0.42105263157894735,0.4736842105263157,0.4736842105263157,0.5789473684210527,0.7368421052631579,0.7368421052631579,0.7894736842105263,0.8421052631578947,0.8947368421052632,0.9473684210526315,1,0.551246537396122,
RandomForest_SMOTE_iter13.csv,0,0.18478260869565216,0.288135593220339,0.2251655629139073,0.197354639660507,0.7321082021425435,0.4455256500964362,0.21707289578250846,0.27586206896551724,0.41379310344827586,0.46551724137931033,0.5,0.5517241379310345,0.5517241379310345,0.6896551724137931,0.6896551724137931,0.6896551724137931,0.8103448275862069,0.8448275862068966,0.8448275862068966,0.8793103448275862,0.896551724137931,0.9310344827586207,1.0,1.0,1.0,1.0,0.7404718693284936,0.27586206896551724,0.41379310344827586,0.46551724137931033,0.5,0.5517241379310345,0.5517241379310345,0.6896551724137931,0.6896551724137931,0.6896551724137931,0.8103448275862069,0.8448275862068966,0.8448275862068966,0.8793103448275862,0.896551724137931,0.9310344827586207,1.0,1.0,1.0,1.0,0.7386569872958257,0.27586206896551724,0.4137931034482758,0.4655172413793103,0.5,0.5517241379310345,0.5517241379310345,0.6896551724137931,0.6896551724137931,0.6896551724137931,0.8103448275862069,0.8448275862068966,0.8448275862068966,0.8793103448275862,0.896551724137931,0.9310344827586207,1.0,1.0,1.0,1,0.7386569872958257,
IBk_iter2.csv,39,0.0,0.0,0.0,0.0002950635862028267,0.9993487463366981,0.0,-0.0014543543865650045,0.1,0.1,0.1,0.2,0.3,0.3,0.6,0.6,0.7,0.8,0.8,1.0,1.0,1.0,1.0,1.0,1.0,1.0,1.0,0.42105263157894735,0.1,0.1,0.1,0.2,0.3,0.3,0.6,0.6,0.7,0.8,0.8,1.0,1.0,1.0,1.0,1.0,1.0,1.0,1.0,0.6631578947368421,0.09999999999999998,0.09999999999999998,0.09999999999999998,0.19999999999999996,0.30000000000000004,0.30000000000000004,0.6,0.6,0.7,0.8,0.8,1.0,1.0,1.0,1.0,1.0,1.0,1.0,1,0.6631578947368421,
IBk_iter3.csv,0,1.0,0.1,0.18181818181818182,0.7854190305283516,0.9986323673070661,0.18181818181818182,0.3157654069206952,1.0,1.0,1.0,1.0,1.0,1.0,1.0,1.0,1.0,1.0,1.0,1.0,1.0,1.0,1.0,1.0,1.0,1.0,1.0,1.0,1.0,1.0,1.0,1.0,1.0,1.0,1.0,1.0,1.0,1.0,1.0,1.0,1.0,1.0,1.0,1.0,1.0,1.0,1.0,1.0,1.0,1.0,1.0,1.0,1.0,1.0,1.0,1.0,1.0,1.0,1.0,1.0,1.0,1.0,1.0,1.0,1.0,1.0,1,1.0,
RandomForest_SMOTE_iter12.csv,0,0.32710280373831774,0.6481481481481481,0.43478260869565216,0.26933849806978566,0.8946840118846859,0.7810948403916279,0.4510130234230606,0.7358490566037735,0.7735849056603774,0.8113207547169812,0.8113207547169812,0.8113207547169812,0.8113207547169812,0.8301886792452831,0.8867924528301887,0.9056603773584906,0.9056603773584906,0.9056603773584906,0.9245283018867925,0.9433962264150944,0.9433962264150944,1.0,1.0,1.0,1.0,1.0,0.8937437934458788,0.7358490566037735,0.7735849056603774,0.8113207547169812,0.8113207547169812,0.8113207547169812,0.8113207547169812,0.8301886792452831,0.8867924528301887,0.9056603773584906,0.9056603773584906,0.9056603773584906,0.9245283018867925,0.9433962264150944,0.9433962264150944,1.0,1.0,1.0,1.0,1.0,0.8947368421052632,0.7358490566037735,0.7735849056603774,0.8113207547169812,0.8113207547169812,0.8113207547169812,0.8113207547169812,0.8301886792452831,0.8867924528301887,0.9056603773584906,0.9056603773584906,0.9056603773584906,0.9245283018867925,0.9433962264150944,0.9433962264150944,1.0,1.0,1.0,1.0,1,0.8947368421052632,
IBk_BestFirst_iter12.csv,0,0.8518518518518519,0.42592592592592593,0.5679012345679012,0.6668697809033229,0.9206215369790411,0.5972305274395684,0.5990423870989843,0.7358490566037735,0.7547169811320755,0.7924528301886793,0.8113207547169812,0.8113207547169812,0.8490566037735849,0.8867924528301887,0.8867924528301887,0.9245283018867925,0.9245283018867925,0.9245283018867925,0.9433962264150944,0.9622641509433962,1.0,1.0,1.0,1.0,1.0,1.0,0.8808341608738826,0.7358490566037735,0.7547169811320755,0.7924528301886793,0.8113207547169812,0.8113207547169812,0.8490566037735849,0.8867924528301887,0.8867924528301887,0.9245283018867925,0.9245283018867925,0.9245283018867925,0.9433962264150944,0.9622641509433962,1.0,1.0,1.0,1.0,1.0,1.0,0.9056603773584906,0.7358490566037735,0.7547169811320755,0.7924528301886793,0.8113207547169812,0.8113207547169812,0.8490566037735849,0.8867924528301887,0.8867924528301887,0.9245283018867925,0.9245283018867925,0.9245283018867925,0.9433962264150944,0.9622641509433962,1.0,1.0,1.0,1.0,1.0,1,0.9056603773584906,
NaiveBayes_CostSensitive_iter18.csv,20,0.025974025974025976,0.5714285714285714,0.049689440993788817,0.023809613559007313,0.9437865224418753,0.7092620108964834,0.11153893675124095,0.21428571428571427,0.2857142857142857,0.35714285714285715,0.42857142857142855,0.5,0.5714285714285714,0.6428571428571429,0.6428571428571429,0.6428571428571429,0.7142857142857143,0.7142857142857143,0.7142857142857143,0.8571428571428571,0.8571428571428571,0.8571428571428571,0.8571428571428571,0.9285714285714286,0.9285714285714286,1.0,0.5902255639097744,0.21428571428571427,0.2857142857142857,0.35714285714285715,0.42857142857142855,0.5,0.5714285714285714,0.6428571428571429,0.6428571428571429,0.6428571428571429,0.7142857142857143,0.7142857142857143,0.7142857142857143,0.8571428571428571,0.8571428571428571,0.8571428571428571,0.8571428571428571,0.9285714285714286,0.9285714285714286,1.0,0.6691729323308271,0.2142857142857143,0.2857142857142857,0.3571428571428572,0.4285714285714286,0.5,0.5714285714285714,0.6428571428571429,0.6428571428571429,0.6428571428571429,0.7142857142857143,0.7142857142857143,0.7142857142857143,0.8571428571428571,0.8571428571428571,0.8571428571428571,0.8571428571428571,0.9285714285714286,0.9285714285714286,1,0.6691729323308271,
RandomForest_CostSensitive_iter6.csv,0,0.22857142857142856,0.5454545454545454,0.3221476510067114,0.28401532241974164,0.9357494473438319,0.7007561041212156,0.3425786279599835,0.6136363636363636,0.6590909090909091,0.7272727272727273,0.7954545454545454,0.8409090909090909,0.8636363636363636,0.8636363636363636,0.8863636363636364,0.9090909090909091,0.9090909090909091,0.9090909090909091,0.9545454545454546,0.9772727272727273,0.9772727272727273,1.0,1.0,1.0,1.0,1.0,0.8588516746411482,0.6136363636363636,0.6590909090909091,0.7272727272727273,0.7954545454545454,0.8409090909090909,0.8636363636363636,0.8636363636363636,0.8863636363636364,0.9090909090909091,0.9090909090909091,0.9090909090909091,0.9545454545454546,0.9772727272727273,0.9772727272727273,1.0,1.0,1.0,1.0,1.0,0.8887559808612439,0.6136363636363636,0.6590909090909091,0.7272727272727273,0.7954545454545454,0.8409090909090909,0.8636363636363636,0.8636363636363636,0.8863636363636364,0.9090909090909091,0.9090909090909091,0.9090909090909091,0.9545454545454546,0.9772727272727273,0.9772727272727273,1.0,1.0,1.0,1.0,1,0.8887559808612439,
NaiveBayes_CostSensitive_iter24.csv,5,0.028846153846153848,0.3157894736842105,0.05286343612334802,0.02705274155218126,0.9650624547269485,0.47599095870775676,0.08658004701655916,0.10526315789473684,0.2631578947368421,0.3157894736842105,0.3157894736842105,0.3157894736842105,0.3157894736842105,0.3157894736842105,0.42105263157894735,0.47368421052631576,0.47368421052631576,0.5263157894736842,0.5263157894736842,0.5789473684210527,0.6842105263157895,0.7368421052631579,0.9473684210526315,1.0,1.0,1.0,0.5567867036011079,0.10526315789473684,0.2631578947368421,0.3157894736842105,0.3157894736842105,0.3157894736842105,0.3157894736842105,0.3157894736842105,0.42105263157894735,0.47368421052631576,0.47368421052631576,0.5263157894736842,0.5263157894736842,0.5789473684210527,0.6842105263157895,0.7368421052631579,0.9473684210526315,1.0,1.0,1.0,0.5429362880886427,0.10526315789473684,0.26315789473684204,0.3157894736842105,0.3157894736842105,0.3157894736842105,0.3157894736842105,0.3157894736842105,0.42105263157894735,0.4736842105263157,0.4736842105263157,0.5263157894736842,0.5263157894736842,0.5789473684210527,0.6842105263157895,0.7368421052631579,0.9473684210526315,1.0,1.0,1,0.5429362880886427,
RandomForest_CostSensitive_iter20.csv,0,0.75,0.24324324324324326,0.3673469387755102,0.6694506273054263,0.8803284008676883,0.39125593926259217,0.42489400151310125,0.43243243243243246,0.43243243243243246,0.43243243243243246,0.4594594594594595,0.4594594594594595,0.4864864864864865,0.5675675675675675,0.5945945945945946,0.7297297297297297,0.7567567567567568,0.7837837837837838,0.8108108108108109,0.8108108108108109,0.8108108108108109,0.8108108108108109,0.918918918918919,0.9459459459459459,0.972972972972973,1.0,0.6899004267425319,0.43243243243243246,0.43243243243243246,0.43243243243243246,0.4594594594594595,0.4594594594594595,0.4864864864864865,0.5675675675675675,0.5945945945945946,0.7297297297297297,0.7567567567567568,0.7837837837837838,0.8108108108108109,0.8108108108108109,0.8108108108108109,0.8108108108108109,0.918918918918919,0.9459459459459459,0.972972972972973,1.0,0.6955903271692745,0.43243243243243246,0.43243243243243246,0.43243243243243246,0.45945945945945943,0.45945945945945943,0.4864864864864865,0.5675675675675675,0.5945945945945946,0.7297297297297297,0.7567567567567568,0.7837837837837838,0.8108108108108109,0.8108108108108109,0.8108108108108109,0.8108108108108109,0.918918918918919,0.9459459459459459,0.972972972972973,1,0.6955903271692745,
NaiveBayes_SMOTE_iter12.csv,2,0.04573170731707317,0.2777777777777778,0.07853403141361257,0.04199911812100166,0.881224515288596,0.4272086732933358,0.08496571162229526,0.18867924528301888,0.2641509433962264,0.2830188679245283,0.3018867924528302,0.3018867924528302,0.32075471698113206,0.37735849056603776,0.37735849056603776,0.37735849056603776,0.4339622641509434,0.5471698113207547,0.5660377358490566,0.660377358490566,0.6792452830188679,0.7547169811320755,0.8867924528301887,0.9056603773584906,0.9622641509433962,1.0,0.42303872889771593,0.18867924528301888,0.2641509433962264,0.2830188679245283,0.3018867924528302,0.3018867924528302,0.32075471698113206,0.37735849056603776,0.37735849056603776,0.37735849056603776,0.4339622641509434,0.5471698113207547,0.5660377358490566,0.660377358490566,0.6792452830188679,0.7547169811320755,0.8867924528301887,0.9056603773584906,0.9622641509433962,1.0,0.5362462760675273,0.18867924528301883,0.26415094339622636,0.28301886792452824,0.3018867924528301,0.3018867924528301,0.320754716981132,0.37735849056603776,0.37735849056603776,0.37735849056603776,0.4339622641509434,0.5471698113207547,0.5660377358490566,0.660377358490566,0.6792452830188679,0.7547169811320755,0.8867924528301887,0.9056603773584906,0.9622641509433962,1,0.5362462760675273,
RandomForest_iter26.csv,239,0.0,0.0,0.0,0.0003078453195671221,0.9413577144235795,0.0,-0.0009409070185741324,0.038461538461538464,0.038461538461538464,0.038461538461538464,0.07692307692307693,0.07692307692307693,0.4230769230769231,0.5,0.5,0.5384615384615384,0.6538461538461539,0.6538461538461539,0.7307692307692307,0.8461538461538461,0.8461538461538461,0.9230769230769231,1.0,1.0,1.0,1.0,0.5728744939271254,0.038461538461538464,0.038461538461538464,0.038461538461538464,0.07692307692307693,0.07692307692307693,0.4230769230769231,0.5,0.5,0.5384615384615384,0.6538461538461539,0.6538461538461539,0.7307692307692307,0.8461538461538461,0.8461538461538461,0.9230769230769231,1.0,1.0,1.0,1.0,0.5728744939271254,0.038461538461538436,0.038461538461538436,0.038461538461538436,0.07692307692307687,0.07692307692307687,0.42307692307692313,0.5,0.5,0.5384615384615384,0.6538461538461539,0.6538461538461539,0.7307692307692307,0.8461538461538461,0.8461538461538461,0.9230769230769231,1.0,1.0,1.0,1,0.5728744939271254,
RandomForest_iter22.csv,2023,0.0,0.0,0.0,7.285841787945574e-05,0.9556847804291158,0.0,-0.0004009221390027942,0.0,0.0,0.0,0.0,0.25,0.25,0.25,0.25,0.25,0.25,0.25,0.25,0.25,0.25,0.25,0.25,0.75,0.75,1.0,0.2894736842105263,0.0,0.0,0.0,0.0,0.25,0.25,0.25,0.25,0.25,0.25,0.25,0.25,0.25,0.25,0.25,0.25,0.75,0.75,1.0,0.2894736842105263,0.0,0.0,0.0,0.0,0.25,0.25,0.25,0.25,0.25,0.25,0.25,0.25,0.25,0.25,0.25,0.25,0.75,0.75,1,0.2894736842105263,
RandomForest_CostSensitive_iter18.csv,16,0.037037037037037035,0.07142857142857142,0.04878048780487805,0.01601044895272587,0.9145996518711925,0.13328278114792344,0.04742800101381,0.42857142857142855,0.42857142857142855,0.42857142857142855,0.5,0.5,0.5,0.7142857142857143,0.8571428571428571,0.8571428571428571,0.8571428571428571,0.9285714285714286,0.9285714285714286,0.9285714285714286,1.0,1.0,1.0,1.0,1.0,1.0,0.793233082706767,0.42857142857142855,0.42857142857142855,0.42857142857142855,0.5,0.5,0.5,0.7142857142857143,0.8571428571428571,0.8571428571428571,0.8571428571428571,0.9285714285714286,0.9285714285714286,0.9285714285714286,1.0,1.0,1.0,1.0,1.0,1.0,0.7819548872180451,0.4285714285714286,0.4285714285714286,0.4285714285714286,0.5,0.5,0.5,0.7142857142857143,0.8571428571428571,0.8571428571428571,0.8571428571428571,0.9285714285714286,0.9285714285714286,0.9285714285714286,1.0,1.0,1.0,1.0,1.0,1,0.7819548872180451,
RandomForest_CostSensitive_iter24.csv,104,0.0,0.0,0.0,0.0002889865697294173,0.9555926573735447,0.0,-0.001633998500607062,0.05263157894736842,0.05263157894736842,0.21052631578947367,0.21052631578947367,0.21052631578947367,0.21052631578947367,0.21052631578947367,0.2631578947368421,0.3157894736842105,0.5789473684210527,0.6842105263157895,0.7368421052631579,0.7368421052631579,0.7368421052631579,0.7894736842105263,0.8947368421052632,1.0,1.0,1.0,0.5346260387811634,0.05263157894736842,0.05263157894736842,0.21052631578947367,0.21052631578947367,0.21052631578947367,0.21052631578947367,0.21052631578947367,0.2631578947368421,0.3157894736842105,0.5789473684210527,0.6842105263157895,0.7368421052631579,0.7368421052631579,0.7368421052631579,0.7894736842105263,0.8947368421052632,1.0,1.0,1.0,0.520775623268698,0.05263157894736836,0.05263157894736836,0.21052631578947367,0.21052631578947367,0.21052631578947367,0.21052631578947367,0.21052631578947367,0.26315789473684204,0.3157894736842105,0.5789473684210527,0.6842105263157895,0.7368421052631579,0.7368421052631579,0.7368421052631579,0.7894736842105263,0.8947368421052632,1.0,1.0,1,0.5207756232686981,
NaiveBayes_SMOTE_iter16.csv,34,0.034482758620689655,0.7142857142857143,0.06578947368421052,0.031225600208201778,0.9196650675195448,0.7972627586775497,0.14247265277658708,0.2857142857142857,0.2857142857142857,0.3333333333333333,0.42857142857142855,0.42857142857142855,0.5238095238095238,0.6666666666666666,0.7619047619047619,0.7619047619047619,0.7619047619047619,0.7619047619047619,0.8095238095238095,0.8095238095238095,0.9047619047619048,0.9523809523809523,1.0,1.0,1.0,1.0,0.6090225563909775,0.2857142857142857,0.2857142857142857,0.3333333333333333,0.42857142857142855,0.42857142857142855,0.5238095238095238,0.6666666666666666,0.7619047619047619,0.7619047619047619,0.7619047619047619,0.7619047619047619,0.8095238095238095,0.8095238095238095,0.9047619047619048,0.9523809523809523,1.0,1.0,1.0,1.0,0.7092731829573935,0.2857142857142857,0.2857142857142857,0.33333333333333326,0.4285714285714286,0.4285714285714286,0.5238095238095238,0.6666666666666666,0.7619047619047619,0.7619047619047619,0.7619047619047619,0.7619047619047619,0.8095238095238095,0.8095238095238095,0.9047619047619048,0.9523809523809523,1.0,1.0,1.0,1,0.7092731829573935,
RandomForest_CostSensitive_iter2.csv,532,0.0,0.0,0.0,0.0002950635862028267,0.9843699120807554,0.0,-0.00102821689000552,0.0,0.1,0.2,0.3,0.4,0.4,0.4,0.5,0.7,0.8,0.8,0.8,0.8,0.8,1.0,1.0,1.0,1.0,1.0,0.631578947368421,0.0,0.1,0.2,0.3,0.4,0.4,0.4,0.5,0.7,0.8,0.8,0.8,0.8,0.8,1.0,1.0,1.0,1.0,1.0,0.631578947368421,0.0,0.09999999999999998,0.19999999999999996,0.30000000000000004,0.4,0.4,0.4,0.5,0.7,0.8,0.8,0.8,0.8,0.8,1.0,1.0,1.0,1.0,1,0.631578947368421,
IBk_BestFirst_iter16.csv,1,0.4,0.2857142857142857,0.3333333333333333,0.3593453889991347,0.9781560945273632,0.4442368086376495,0.3353437394029379,0.42857142857142855,0.5714285714285714,0.6666666666666666,0.6666666666666666,0.6666666666666666,0.7619047619047619,0.8095238095238095,0.9047619047619048,0.9047619047619048,0.9523809523809523,0.9523809523809523,0.9523809523809523,0.9523809523809523,0.9523809523809523,0.9523809523809523,0.9523809523809523,1.0,1.0,1.0,0.8596491228070174,0.42857142857142855,0.5714285714285714,0.6666666666666666,0.6666666666666666,0.6666666666666666,0.7619047619047619,0.8095238095238095,0.9047619047619048,0.9047619047619048,0.9523809523809523,0.9523809523809523,0.9523809523809523,0.9523809523809523,0.9523809523809523,0.9523809523809523,0.9523809523809523,1.0,1.0,1.0,0.8446115288220554,0.4285714285714286,0.5714285714285714,0.6666666666666666,0.6666666666666666,0.6666666666666666,0.7619047619047619,0.8095238095238095,0.9047619047619048,0.9047619047619048,0.9523809523809523,0.9523809523809523,0.9523809523809523,0.9523809523809523,0.9523809523809523,0.9523809523809523,0.9523809523809523,1.0,1.0,1,0.8446115288220554,
NaiveBayes_CostSensitive_iter20.csv,16,0.0473186119873817,0.40540540540540543,0.0847457627118644,0.04477830385503912,0.9323783442174005,0.5658335808545848,0.12037255883131119,0.16216216216216217,0.16216216216216217,0.1891891891891892,0.24324324324324326,0.32432432432432434,0.32432432432432434,0.35135135135135137,0.3783783783783784,0.40540540540540543,0.40540540540540543,0.4864864864864865,0.5135135135135135,0.6756756756756757,0.7027027027027027,0.8108108108108109,0.8918918918918919,0.918918918918919,0.918918918918919,1.0,0.4964438122332859,0.16216216216216217,0.16216216216216217,0.1891891891891892,0.24324324324324326,0.32432432432432434,0.32432432432432434,0.35135135135135137,0.3783783783783784,0.40540540540540543,0.40540540540540543,0.4864864864864865,0.5135135135135135,0.6756756756756757,0.7027027027027027,0.8108108108108109,0.8918918918918919,0.918918918918919,0.918918918918919,1.0,0.519203413940256,0.16216216216216217,0.16216216216216217,0.18918918918918926,0.2432432432432432,0.32432432432432434,0.32432432432432434,0.3513513513513513,0.3783783783783784,0.4054054054054055,0.4054054054054055,0.4864864864864865,0.5135135135135135,0.6756756756756757,0.7027027027027027,0.8108108108108109,0.8918918918918919,0.918918918918919,0.918918918918919,1,0.519203413940256,
RandomForest_SMOTE_iter16.csv,0,0.12,0.5714285714285714,0.19834710743801653,0.21039760171440652,0.8460598791755503,0.7217735006014779,0.25481513498280534,0.5714285714285714,0.6190476190476191,0.6666666666666666,0.6666666666666666,0.6666666666666666,0.7142857142857143,0.8571428571428571,0.9047619047619048,0.9047619047619048,0.9047619047619048,0.9047619047619048,0.9047619047619048,0.9047619047619048,0.9047619047619048,0.9523809523809523,0.9523809523809523,0.9523809523809523,1.0,1.0,0.837092731829574,0.5714285714285714,0.6190476190476191,0.6666666666666666,0.6666666666666666,0.6666666666666666,0.7142857142857143,0.8571428571428571,0.9047619047619048,0.9047619047619048,0.9047619047619048,0.9047619047619048,0.9047619047619048,0.9047619047619048,0.9047619047619048,0.9523809523809523,0.9523809523809523,0.9523809523809523,1.0,1.0,0.8395989974937345,0.5714285714285714,0.6190476190476191,0.6666666666666666,0.6666666666666666,0.6666666666666666,0.7142857142857143,0.8571428571428571,0.9047619047619048,0.9047619047619048,0.9047619047619048,0.9047619047619048,0.9047619047619048,0.9047619047619048,0.9047619047619048,0.9523809523809523,0.9523809523809523,0.9523809523809523,1.0,1,0.8395989974937345,
IBk_iter7.csv,0,0.6190476190476191,0.30952380952380953,0.4126984126984127,0.4234700262613708,0.9745311130587205,0.4725075852700535,0.43383996577308426,0.5121951219512195,0.5365853658536586,0.5853658536585366,0.5853658536585366,0.5853658536585366,0.6097560975609756,0.6097560975609756,0.6341463414634146,0.6829268292682927,0.6829268292682927,0.7317073170731707,0.7804878048780488,0.7804878048780488,0.8048780487804879,0.8292682926829268,0.8536585365853658,0.8536585365853658,0.9512195121951219,1.0,0.6726572528883183,0.5121951219512195,0.5365853658536586,0.5853658536585366,0.5853658536585366,0.5853658536585366,0.6097560975609756,0.6097560975609756,0.6341463414634146,0.6829268292682927,0.6829268292682927,0.7317073170731707,0.7804878048780488,0.7804878048780488,0.8048780487804879,0.8292682926829268,0.8536585365853658,0.8536585365853658,0.9512195121951219,1.0,0.7163029525032092,0.5121951219512195,0.5365853658536586,0.5853658536585366,0.5853658536585366,0.5853658536585366,0.6097560975609756,0.6097560975609756,0.6341463414634146,0.6829268292682927,0.6829268292682927,0.7317073170731707,0.7804878048780488,0.7804878048780488,0.8048780487804879,0.8292682926829268,0.8536585365853658,0.8536585365853658,0.9512195121951219,1,0.7163029525032092,
IBk_iter6.csv,3,0.27586206896551724,0.36363636363636365,0.3137254901960784,0.2286393501070153,0.9787027963262609,0.5318242298687956,0.3080935619979548,0.4772727272727273,0.6136363636363636,0.6818181818181818,0.7954545454545454,0.8409090909090909,0.8863636363636364,0.9090909090909091,0.9318181818181818,0.9318181818181818,0.9318181818181818,0.9545454545454546,0.9545454545454546,0.9772727272727273,0.9772727272727273,0.9772727272727273,1.0,1.0,1.0,1.0,0.8456937799043062,0.4772727272727273,0.6136363636363636,0.6818181818181818,0.7954545454545454,0.8409090909090909,0.8863636363636364,0.9090909090909091,0.9318181818181818,0.9318181818181818,0.9318181818181818,0.9545454545454546,0.9545454545454546,0.9772727272727273,0.9772727272727273,0.9772727272727273,1.0,1.0,1.0,1.0,0.8863636363636361,0.4772727272727273,0.6136363636363636,0.6818181818181818,0.7954545454545454,0.8409090909090909,0.8863636363636364,0.9090909090909091,0.9318181818181818,0.9318181818181818,0.9318181818181818,0.9545454545454546,0.9545454545454546,0.9772727272727273,0.9772727272727273,0.9772727272727273,1.0,1.0,1.0,1,0.8863636363636361,
RandomForest_SMOTE_iter17.csv,0,0.15476190476190477,0.3939393939393939,0.2222222222222222,0.2589644767355559,0.8664072908694047,0.5625331227199991,0.2379304431558115,0.5454545454545454,0.696969696969697,0.7272727272727273,0.7575757575757576,0.8181818181818182,0.8484848484848485,0.8484848484848485,0.8484848484848485,0.8484848484848485,0.8484848484848485,0.8484848484848485,0.8787878787878788,0.8787878787878788,0.9090909090909091,0.9090909090909091,0.9696969696969697,0.9696969696969697,1.0,1.0,0.8437001594896331,0.5454545454545454,0.696969696969697,0.7272727272727273,0.7575757575757576,0.8181818181818182,0.8484848484848485,0.8484848484848485,0.8484848484848485,0.8484848484848485,0.8484848484848485,0.8484848484848485,0.8787878787878788,0.8787878787878788,0.9090909090909091,0.9090909090909091,0.9696969696969697,0.9696969696969697,1.0,1.0,0.8500797448165868,0.5454545454545454,0.696969696969697,0.7272727272727273,0.7575757575757576,0.8181818181818182,0.8484848484848485,0.8484848484848485,0.8484848484848485,0.8484848484848485,0.8484848484848485,0.8484848484848485,0.8787878787878788,0.8787878787878788,0.9090909090909091,0.9090909090909091,0.9696969696969697,0.9696969696969697,1.0,1,0.8500797448165868,
NaiveBayes_CostSensitive_iter21.csv,47,0.023026315789473683,0.4117647058823529,0.04361370716510903,0.021623686630327054,0.9346528316285719,0.572272839202167,0.08527659721826165,0.23529411764705882,0.23529411764705882,0.23529411764705882,0.23529411764705882,0.29411764705882354,0.35294117647058826,0.4117647058823529,0.4117647058823529,0.4117647058823529,0.4117647058823529,0.5882352941176471,0.5882352941176471,0.5882352941176471,0.6470588235294118,0.7647058823529411,0.7647058823529411,0.8823529411764706,1.0,1.0,0.48916408668730643,0.23529411764705882,0.23529411764705882,0.23529411764705882,0.23529411764705882,0.29411764705882354,0.35294117647058826,0.4117647058823529,0.4117647058823529,0.4117647058823529,0.4117647058823529,0.5882352941176471,0.5882352941176471,0.5882352941176471,0.6470588235294118,0.7647058823529411,0.7647058823529411,0.8823529411764706,1.0,1.0,0.5294117647058824,0.23529411764705888,0.23529411764705888,0.23529411764705888,0.23529411764705888,0.2941176470588236,0.3529411764705883,0.4117647058823529,0.4117647058823529,0.4117647058823529,0.4117647058823529,0.5882352941176471,0.5882352941176471,0.5882352941176471,0.6470588235294118,0.7647058823529411,0.7647058823529411,0.8823529411764706,1.0,1,0.5294117647058824,
RandomForest_CostSensitive_iter3.csv,0,0.6363636363636364,0.7,0.6666666666666666,0.6940508027964875,0.9984695538912408,0.823087392412828,0.6662904103139352,1.0,1.0,1.0,1.0,1.0,1.0,1.0,1.0,1.0,1.0,1.0,1.0,1.0,1.0,1.0,1.0,1.0,1.0,1.0,1.0,1.0,1.0,1.0,1.0,1.0,1.0,1.0,1.0,1.0,1.0,1.0,1.0,1.0,1.0,1.0,1.0,1.0,1.0,1.0,1.0,1.0,1.0,1.0,1.0,1.0,1.0,1.0,1.0,1.0,1.0,1.0,1.0,1.0,1.0,1.0,1.0,1.0,1.0,1,1.0,
IBk_BestFirst_iter17.csv,0,0.9411764705882353,0.48484848484848486,0.64,0.6808311831592628,0.963616520679196,0.6530113465494938,0.6739350039685811,0.6363636363636364,0.6363636363636364,0.6666666666666666,0.7272727272727273,0.7272727272727273,0.7272727272727273,0.7878787878787878,0.8181818181818182,0.8181818181818182,0.8181818181818182,0.8787878787878788,0.8787878787878788,0.9090909090909091,0.9393939393939394,0.9696969696969697,1.0,1.0,1.0,1.0,0.8500797448165868,0.6363636363636364,0.6363636363636364,0.6666666666666666,0.7272727272727273,0.7272727272727273,0.7272727272727273,0.7878787878787878,0.8181818181818182,0.8181818181818182,0.8181818181818182,0.8787878787878788,0.8787878787878788,0.9090909090909091,0.9393939393939394,0.9696969696969697,1.0,1.0,1.0,1.0,0.838915470494418,0.6363636363636364,0.6363636363636364,0.6666666666666666,0.7272727272727273,0.7272727272727273,0.7272727272727273,0.7878787878787878,0.8181818181818182,0.8181818181818182,0.8181818181818182,0.8787878787878788,0.8787878787878788,0.9090909090909091,0.9393939393939394,0.9696969696969697,1.0,1.0,1.0,1,0.838915470494418,
NaiveBayes_SMOTE_iter17.csv,23,0.054187192118226604,0.6666666666666666,0.10022779043280182,0.051905433737629396,0.9238951724919916,0.7696262606288313,0.17214178192582452,0.21212121212121213,0.2727272727272727,0.30303030303030304,0.36363636363636365,0.42424242424242425,0.45454545454545453,0.5757575757575758,0.696969696969697,0.696969696969697,0.7272727272727273,0.7272727272727273,0.7272727272727273,0.7575757575757576,0.8484848484848485,0.8787878787878788,0.9393939393939394,0.9393939393939394,0.9696969696969697,1.0,0.6076555023923446,0.21212121212121213,0.2727272727272727,0.30303030303030304,0.36363636363636365,0.42424242424242425,0.45454545454545453,0.5757575757575758,0.696969696969697,0.696969696969697,0.7272727272727273,0.7272727272727273,0.7272727272727273,0.7575757575757576,0.8484848484848485,0.8787878787878788,0.9393939393939394,0.9393939393939394,0.9696969696969697,1.0,0.6586921850079746,0.21212121212121215,0.2727272727272727,0.303030303030303,0.36363636363636365,0.4242424242424243,0.4545454545454546,0.5757575757575758,0.696969696969697,0.696969696969697,0.7272727272727273,0.7272727272727273,0.7272727272727273,0.7575757575757576,0.8484848484848485,0.8787878787878788,0.9393939393939394,0.9393939393939394,0.9696969696969697,1,0.6586921850079746,
RandomForest_CostSensitive_iter25.csv,10,0.0,0.0,0.0,0.015687423469829744,0.9314874520738936,0.0,-0.0027034740163462832,0.2631578947368421,0.3157894736842105,0.3157894736842105,0.3684210526315789,0.47368421052631576,0.5263157894736842,0.5789473684210527,0.631578947368421,0.7894736842105263,0.7894736842105263,0.8421052631578947,0.8421052631578947,0.8947368421052632,0.8947368421052632,0.8947368421052632,0.8947368421052632,0.9473684210526315,0.9473684210526315,1.0,0.6952908587257619,0.2631578947368421,0.3157894736842105,0.3157894736842105,0.3684210526315789,0.47368421052631576,0.5263157894736842,0.5789473684210527,0.631578947368421,0.7894736842105263,0.7894736842105263,0.8421052631578947,0.8421052631578947,0.8947368421052632,0.8947368421052632,0.8947368421052632,0.8947368421052632,0.9473684210526315,0.9473684210526315,1.0,0.6952908587257619,0.26315789473684204,0.3157894736842105,0.3157894736842105,0.368421052631579,0.4736842105263157,0.5263157894736842,0.5789473684210527,0.631578947368421,0.7894736842105263,0.7894736842105263,0.8421052631578947,0.8421052631578947,0.8947368421052632,0.8947368421052632,0.8947368421052632,0.8947368421052632,0.9473684210526315,0.9473684210526315,1,0.6952908587257619,
RandomForest_CostSensitive_iter19.csv,0,0.3333333333333333,0.3684210526315789,0.35,0.4256487404641022,0.9351879053580705,0.5380248589066715,0.34765408741304255,0.631578947368421,0.7368421052631579,0.7368421052631579,0.7368421052631579,0.7368421052631579,0.8421052631578947,0.8421052631578947,0.8421052631578947,0.8421052631578947,0.9473684210526315,1.0,1.0,1.0,1.0,1.0,1.0,1.0,1.0,1.0,0.853185595567867,0.631578947368421,0.7368421052631579,0.7368421052631579,0.7368421052631579,0.7368421052631579,0.8421052631578947,0.8421052631578947,0.8421052631578947,0.8421052631578947,0.9473684210526315,1.0,1.0,1.0,1.0,1.0,1.0,1.0,1.0,1.0,0.8891966759002771,0.631578947368421,0.7368421052631579,0.7368421052631579,0.7368421052631579,0.7368421052631579,0.8421052631578947,0.8421052631578947,0.8421052631578947,0.8421052631578947,0.9473684210526315,1.0,1.0,1.0,1.0,1.0,1.0,1.0,1.0,1,0.8891966759002771,
RandomForest_iter23.csv,28,0.0,0.0,0.0,0.002869501714502452,0.9560756818064651,0.0,-0.0004771418752543295,0.14285714285714285,0.2857142857142857,0.2857142857142857,0.2857142857142857,0.42857142857142855,0.42857142857142855,0.5714285714285714,0.5714285714285714,0.5714285714285714,0.7142857142857143,0.7142857142857143,0.7142857142857143,0.8571428571428571,0.8571428571428571,0.8571428571428571,1.0,1.0,1.0,1.0,0.6390977443609023,0.14285714285714285,0.2857142857142857,0.2857142857142857,0.2857142857142857,0.42857142857142855,0.42857142857142855,0.5714285714285714,0.5714285714285714,0.5714285714285714,0.7142857142857143,0.7142857142857143,0.7142857142857143,0.8571428571428571,0.8571428571428571,0.8571428571428571,1.0,1.0,1.0,1.0,0.6466165413533834,0.1428571428571428,0.2857142857142857,0.2857142857142857,0.2857142857142857,0.4285714285714286,0.4285714285714286,0.5714285714285714,0.5714285714285714,0.5714285714285714,0.7142857142857143,0.7142857142857143,0.7142857142857143,0.8571428571428571,0.8571428571428571,0.8571428571428571,1.0,1.0,1.0,1,0.6466165413533834,
RandomForest_iter21.csv,8,0.0,0.0,0.0,0.011642335755821132,0.9665940450254175,0.0,-0.0008613142643222304,0.23529411764705882,0.23529411764705882,0.23529411764705882,0.23529411764705882,0.35294117647058826,0.5294117647058824,0.6470588235294118,0.6470588235294118,0.6470588235294118,0.6470588235294118,0.8235294117647058,0.8235294117647058,0.8823529411764706,0.8823529411764706,0.8823529411764706,0.8823529411764706,0.9411764705882353,1.0,1.0,0.653250773993808,0.23529411764705882,0.23529411764705882,0.23529411764705882,0.23529411764705882,0.35294117647058826,0.5294117647058824,0.6470588235294118,0.6470588235294118,0.6470588235294118,0.6470588235294118,0.8235294117647058,0.8235294117647058,0.8823529411764706,0.8823529411764706,0.8823529411764706,0.8823529411764706,0.9411764705882353,1.0,1.0,0.6594427244582044,0.23529411764705888,0.23529411764705888,0.23529411764705888,0.23529411764705888,0.3529411764705883,0.5294117647058824,0.6470588235294118,0.6470588235294118,0.6470588235294118,0.6470588235294118,0.8235294117647058,0.8235294117647058,0.8823529411764706,0.8823529411764706,0.8823529411764706,0.8823529411764706,0.9411764705882353,1.0,1,0.6594427244582044,
RandomForest_CostSensitive_iter27.csv,0,0.22727272727272727,0.11363636363636363,0.15151515151515152,0.2867135656551809,0.9218685913126321,0.20402999425477256,0.15695601140743837,0.19047619047619047,0.21428571428571427,0.23809523809523808,0.2619047619047619,0.30952380952380953,0.42857142857142855,0.4523809523809524,0.5,0.5238095238095238,0.5952380952380952,0.6666666666666666,0.6904761904761905,0.6904761904761905,0.8095238095238095,0.8571428571428571,0.9047619047619048,0.9047619047619048,1.0,1.0,0.5385556915544676,0.19047619047619047,0.21428571428571427,0.23809523809523808,0.2619047619047619,0.30952380952380953,0.42857142857142855,0.4523809523809524,0.5,0.5238095238095238,0.5952380952380952,0.6666666666666666,0.6904761904761905,0.6904761904761905,0.8095238095238095,0.8571428571428571,0.9047619047619048,0.9047619047619048,1.0,1.0,0.5263157894736842,0.18604651162790697,0.2093023255813954,0.2325581395348838,0.2558139534883721,0.3023255813953488,0.4186046511627908,0.4418604651162791,0.4883720930232559,0.5116279069767442,0.5813953488372093,0.6511627906976745,0.6744186046511629,0.6744186046511629,0.7906976744186047,0.8372093023255814,0.8837209302325583,0.8837209302325583,0.9767441860465117,0.0,0.5914786967418547,
NaiveBayes_SMOTE_iter15.csv,55,0.014084507042253521,0.42857142857142855,0.02727272727272727,0.013158909995843161,0.8940398454157773,0.5810716074111166,0.0630418082010663,0.21428571428571427,0.21428571428571427,0.2857142857142857,0.35714285714285715,0.35714285714285715,0.35714285714285715,0.42857142857142855,0.5,0.5,0.5,0.5,0.7142857142857143,0.7142857142857143,0.9285714285714286,0.9285714285714286,0.9285714285714286,0.9285714285714286,1.0,1.0,0.5,0.21428571428571427,0.21428571428571427,0.2857142857142857,0.35714285714285715,0.35714285714285715,0.35714285714285715,0.42857142857142855,0.5,0.5,0.5,0.5,0.7142857142857143,0.7142857142857143,0.9285714285714286,0.9285714285714286,0.9285714285714286,0.9285714285714286,1.0,1.0,0.5977443609022557,0.2142857142857143,0.2142857142857143,0.2857142857142857,0.3571428571428572,0.3571428571428572,0.3571428571428572,0.4285714285714286,0.5,0.5,0.5,0.5,0.7142857142857143,0.7142857142857143,0.9285714285714286,0.9285714285714286,0.9285714285714286,0.9285714285714286,1.0,1,0.5977443609022557,
IBk_BestFirst_iter15.csv,7,0.11320754716981132,0.42857142857142855,0.1791044776119403,0.09136222145616636,0.9806269989339017,0.5980117976075768,0.21561631896830996,0.5714285714285714,0.6428571428571429,0.7142857142857143,0.8571428571428571,0.9285714285714286,0.9285714285714286,1.0,1.0,1.0,1.0,1.0,1.0,1.0,1.0,1.0,1.0,1.0,1.0,1.0,0.8759398496240601,0.5714285714285714,0.6428571428571429,0.7142857142857143,0.8571428571428571,0.9285714285714286,0.9285714285714286,1.0,1.0,1.0,1.0,1.0,1.0,1.0,1.0,1.0,1.0,1.0,1.0,1.0,0.9285714285714285,0.5714285714285714,0.6428571428571429,0.7142857142857143,0.8571428571428571,0.9285714285714286,0.9285714285714286,1.0,1.0,1.0,1.0,1.0,1.0,1.0,1.0,1.0,1.0,1.0,1.0,1,0.9285714285714285,
RandomForest_CostSensitive_iter1.csv,2,0.3333333333333333,1.0,0.5,0.10457511493400563,0.9993472584856394,0.999673522690173,0.5771618081860117,1.0,1.0,1.0,1.0,1.0,1.0,1.0,1.0,1.0,1.0,1.0,1.0,1.0,1.0,1.0,1.0,1.0,1.0,1.0,1.0,1.0,1.0,1.0,1.0,1.0,1.0,1.0,1.0,1.0,1.0,1.0,1.0,1.0,1.0,1.0,1.0,1.0,1.0,1.0,1.0,1.0,1.0,1.0,1.0,1.0,1.0,1.0,1.0,1.0,1.0,1.0,1.0,1.0,1.0,1.0,1.0,1.0,1.0,1,1.0,
IBk_BestFirst_iter8.csv,0,0.625,0.08928571428571429,0.15625,0.42125028407732246,0.8024307740717432,0.16392455375424564,0.23292112910798982,0.41818181818181815,0.4909090909090909,0.509090909090909,0.5454545454545454,0.5818181818181818,0.5818181818181818,0.6,0.6363636363636364,0.6727272727272727,0.6909090909090909,0.7454545454545455,0.7818181818181819,0.8,0.8181818181818182,0.8909090909090909,0.9090909090909091,0.9272727272727272,0.9818181818181818,1.0,0.6516746411483253,0.41818181818181815,0.4909090909090909,0.509090909090909,0.5454545454545454,0.5818181818181818,0.5818181818181818,0.6,0.6363636363636364,0.6727272727272727,0.6909090909090909,0.7454545454545455,0.7818181818181819,0.8,0.8181818181818182,0.8909090909090909,0.9090909090909091,0.9272727272727272,0.9818181818181818,1.0,0.7148325358851675,0.4181818181818182,0.49090909090909096,0.509090909090909,0.5454545454545454,0.5818181818181818,0.5818181818181818,0.6,0.6363636363636364,0.6727272727272727,0.6909090909090909,0.7454545454545455,0.7818181818181819,0.8,0.8181818181818182,0.8909090909090909,0.9090909090909091,0.9272727272727272,0.9818181818181818,1,0.7148325358851675,
NaiveBayes_CostSensitive_iter23.csv,8,0.012048192771084338,0.42857142857142855,0.0234375,0.01209769559223024,0.9587049543743865,0.5917538828261759,0.0658692855363159,0.14285714285714285,0.14285714285714285,0.2857142857142857,0.2857142857142857,0.2857142857142857,0.2857142857142857,0.2857142857142857,0.5714285714285714,0.5714285714285714,0.5714285714285714,0.7142857142857143,0.7142857142857143,0.7142857142857143,0.7142857142857143,0.7142857142857143,1.0,1.0,1.0,1.0,0.556390977443609,0.14285714285714285,0.14285714285714285,0.2857142857142857,0.2857142857142857,0.2857142857142857,0.2857142857142857,0.2857142857142857,0.5714285714285714,0.5714285714285714,0.5714285714285714,0.7142857142857143,0.7142857142857143,0.7142857142857143,0.7142857142857143,0.7142857142857143,1.0,1.0,1.0,1.0,0.5789473684210527,0.1428571428571428,0.1428571428571428,0.2857142857142857,0.2857142857142857,0.2857142857142857,0.2857142857142857,0.2857142857142857,0.5714285714285714,0.5714285714285714,0.5714285714285714,0.7142857142857143,0.7142857142857143,0.7142857142857143,0.7142857142857143,0.7142857142857143,1.0,1.0,1.0,1,0.5789473684210527,
IBk_iter4.csv,0,1.0,0.058823529411764705,0.1111111111111111,0.7401431966394901,0.9917338892413669,0.1111111111111111,0.24193989647311287,0.7058823529411765,0.7647058823529411,0.7647058823529411,0.7647058823529411,0.7647058823529411,0.7647058823529411,0.7647058823529411,0.8235294117647058,0.8823529411764706,0.8823529411764706,0.8823529411764706,0.9411764705882353,0.9411764705882353,0.9411764705882353,1.0,1.0,1.0,1.0,1.0,0.8699690402476781,0.7058823529411765,0.7647058823529411,0.7647058823529411,0.7647058823529411,0.7647058823529411,0.7647058823529411,0.7647058823529411,0.8235294117647058,0.8823529411764706,0.8823529411764706,0.8823529411764706,0.9411764705882353,0.9411764705882353,0.9411764705882353,1.0,1.0,1.0,1.0,1.0,0.8730650154798762,0.7058823529411765,0.7647058823529411,0.7647058823529411,0.7647058823529411,0.7647058823529411,0.7647058823529411,0.7647058823529411,0.8235294117647058,0.8823529411764706,0.8823529411764706,0.8823529411764706,0.9411764705882353,0.9411764705882353,0.9411764705882353,1.0,1.0,1.0,1.0,1,0.8730650154798762,
RandomForest_SMOTE_iter15.csv,9,0.03424657534246575,0.35714285714285715,0.0625,0.023213153677626105,0.8189632196162042,0.5216483433545498,0.10199317597311967,0.5714285714285714,0.7857142857142857,0.7857142857142857,0.8571428571428571,0.8571428571428571,0.9285714285714286,1.0,1.0,1.0,1.0,1.0,1.0,1.0,1.0,1.0,1.0,1.0,1.0,1.0,0.8458646616541352,0.5714285714285714,0.7857142857142857,0.7857142857142857,0.8571428571428571,0.8571428571428571,0.9285714285714286,1.0,1.0,1.0,1.0,1.0,1.0,1.0,1.0,1.0,1.0,1.0,1.0,1.0,0.9360902255639098,0.5714285714285714,0.7857142857142857,0.7857142857142857,0.8571428571428571,0.8571428571428571,0.9285714285714286,1.0,1.0,1.0,1.0,1.0,1.0,1.0,1.0,1.0,1.0,1.0,1.0,1,0.9360902255639098,
RandomForest_SMOTE_iter14.csv,0,0.1958762886597938,0.16666666666666666,0.18009478672985782,0.21921324407640233,0.6804860961641535,0.2849359086305054,0.16001390678315092,0.24778761061946902,0.3274336283185841,0.3805309734513274,0.39823008849557523,0.4336283185840708,0.4690265486725664,0.48672566371681414,0.5398230088495575,0.6283185840707964,0.6814159292035398,0.7256637168141593,0.7876106194690266,0.8141592920353983,0.831858407079646,0.8761061946902655,0.8849557522123894,0.9026548672566371,0.9469026548672567,1.0,0.5979572398347619,0.24778761061946902,0.3274336283185841,0.3805309734513274,0.39823008849557523,0.4336283185840708,0.4690265486725664,0.48672566371681414,0.5398230088495575,0.6283185840707964,0.6814159292035398,0.7256637168141593,0.7876106194690266,0.8141592920353983,0.831858407079646,0.8761061946902655,0.8849557522123894,0.9026548672566371,0.9469026548672567,1.0,0.6096536299291774,0.26168224299065423,0.32743362831858414,0.38053097345132736,0.3982300884955752,0.4336283185840708,0.46902654867256643,0.48672566371681414,0.5398230088495575,0.6283185840707964,0.6814159292035398,0.7256637168141593,0.7876106194690266,0.8141592920353983,0.831858407079646,0.8761061946902655,0.8849557522123894,0.6562499999999998,0.40000000000000047,1,0.6506753609687936,
IBk_iter5.csv,1,0.75,0.07563025210084033,0.13740458015267176,0.5855058240309858,0.9872710416771843,0.14061689358404197,0.232217304362618,0.2457627118644068,0.2711864406779661,0.2966101694915254,0.3305084745762712,0.3983050847457627,0.4491525423728814,0.4915254237288136,0.5508474576271186,0.652542372881356,0.711864406779661,0.7542372881355932,0.788135593220339,0.8305084745762712,0.864406779661017,0.8898305084745762,0.9491525423728814,0.9491525423728814,0.9491525423728814,1.0,0.5161974641170748,0.2457627118644068,0.2711864406779661,0.2966101694915254,0.3305084745762712,0.3983050847457627,0.4491525423728814,0.4915254237288136,0.5508474576271186,0.652542372881356,0.711864406779661,0.7542372881355932,0.788135593220339,0.8305084745762712,0.864406779661017,0.8898305084745762,0.9491525423728814,0.9491525423728814,0.9491525423728814,1.0,0.6064038425527166,0.2735849056603774,0.27826086956521745,0.2966101694915254,0.3305084745762712,0.39830508474576276,0.4491525423728814,0.4915254237288136,0.5508474576271186,0.652542372881356,0.711864406779661,0.7542372881355932,0.788135593220339,0.8305084745762712,0.864406779661017,0.8898305084745762,0.888888888888889,0.7391304347826089,0.3333333333333338,1,0.6512042818911685,
RandomForest_SMOTE_iter28.csv,0,0.9411764705882353,0.6808510638297872,0.7901234567901234,0.6481459444774118,0.9766427182010348,0.8100336845122911,0.7994326240163762,0.9130434782608695,0.9347826086956522,0.9782608695652174,0.9782608695652174,0.9782608695652174,0.9782608695652174,0.9782608695652174,0.9782608695652174,0.9782608695652174,0.9782608695652174,0.9782608695652174,0.9782608695652174,0.9782608695652174,1.0,1.0,1.0,1.0,1.0,1.0,0.9668192219679634,0.9130434782608695,0.9347826086956522,0.9782608695652174,0.9782608695652174,0.9782608695652174,0.9782608695652174,0.9782608695652174,0.9782608695652174,0.9782608695652174,0.9782608695652174,0.9782608695652174,0.9782608695652174,0.9782608695652174,1.0,1.0,1.0,1.0,1.0,1.0,0.9794050343249429,0.9130434782608695,0.9347826086956522,0.9782608695652174,0.9782608695652174,0.9782608695652174,0.9782608695652174,0.9782608695652174,0.9782608695652174,0.9782608695652174,0.9782608695652174,0.9782608695652174,0.9782608695652174,0.9782608695652174,1.0,1.0,1.0,1.0,1.0,1,0.9794050343249429,
IBk_BestFirst_iter9.csv,0,0.8,0.3076923076923077,0.4444444444444444,0.6293744589211961,0.9387060372390444,0.47047986412965265,0.4926385312224579,0.6862745098039216,0.7647058823529411,0.803921568627451,0.8627450980392157,0.9019607843137255,0.9607843137254902,0.9607843137254902,0.9803921568627451,0.9803921568627451,0.9803921568627451,0.9803921568627451,0.9803921568627451,1.0,1.0,1.0,1.0,1.0,1.0,1.0,0.9081527347781219,0.6862745098039216,0.7647058823529411,0.803921568627451,0.8627450980392157,0.9019607843137255,0.9607843137254902,0.9607843137254902,0.9803921568627451,0.9803921568627451,0.9803921568627451,0.9803921568627451,0.9803921568627451,1.0,1.0,1.0,1.0,1.0,1.0,1.0,0.9391124871001032,0.6862745098039216,0.7647058823529411,0.803921568627451,0.8627450980392157,0.9019607843137255,0.9607843137254902,0.9607843137254902,0.9803921568627451,0.9803921568627451,0.9803921568627451,0.9803921568627451,0.9803921568627451,1.0,1.0,1.0,1.0,1.0,1.0,1,0.9391124871001032,
IBk_BestFirst_iter28.csv,0,1.0,0.0425531914893617,0.08163265306122448,0.6668344589474914,0.986233145238511,0.08163265306122448,0.20563050689737752,0.17391304347826086,0.2391304347826087,0.2826086956521739,0.34782608695652173,0.3695652173913043,0.391304347826087,0.4782608695652174,0.5,0.5652173913043478,0.6521739130434783,0.6956521739130435,0.7608695652173914,0.782608695652174,0.8478260869565217,0.9130434782608695,1.0,1.0,1.0,1.0,0.6384439359267734,0.17391304347826086,0.2391304347826087,0.2826086956521739,0.34782608695652173,0.3695652173913043,0.391304347826087,0.4782608695652174,0.5,0.5652173913043478,0.6521739130434783,0.6956521739130435,0.7608695652173914,0.782608695652174,0.8478260869565217,0.9130434782608695,1.0,1.0,1.0,1.0,0.631578947368421,0.17391304347826086,0.23913043478260865,0.28260869565217384,0.34782608695652173,0.3695652173913043,0.3913043478260869,0.4782608695652174,0.5,0.5652173913043478,0.6521739130434783,0.6956521739130435,0.7608695652173914,0.782608695652174,0.8478260869565217,0.9130434782608695,1.0,1.0,1.0,1,0.631578947368421,
NaiveBayes_CostSensitive_iter22.csv,39,0.00946372239747634,0.75,0.018691588785046728,0.010342314929601639,0.9598957288951269,0.8331500906308501,0.079717812876198,0.0,0.0,0.0,0.5,0.5,0.5,0.5,0.75,0.75,0.75,0.75,0.75,0.75,0.75,0.75,1.0,1.0,1.0,1.0,0.7368421052631579,0.0,0.0,0.0,0.5,0.5,0.5,0.5,0.75,0.75,0.75,0.75,0.75,0.75,0.75,0.75,1.0,1.0,1.0,1.0,0.631578947368421,0.0,0.0,0.0,0.5,0.5,0.5,0.5,0.75,0.75,0.75,0.75,0.75,0.75,0.75,0.75,1.0,1.0,1.0,1,0.631578947368421,
IBk_BestFirst_iter14.csv,0,0.35714285714285715,0.08771929824561403,0.14084507042253522,0.3268409872600928,0.9156210830178646,0.16123377534007508,0.16654706643476805,0.23008849557522124,0.2743362831858407,0.37168141592920356,0.4424778761061947,0.5309734513274337,0.5752212389380531,0.6460176991150443,0.6637168141592921,0.672566371681416,0.7256637168141593,0.8141592920353983,0.8584070796460177,0.9026548672566371,0.9292035398230089,0.9292035398230089,0.9469026548672567,0.9646017699115044,0.9734513274336283,1.0,0.6691758822351552,0.23008849557522124,0.2743362831858407,0.37168141592920356,0.4424778761061947,0.5309734513274337,0.5752212389380531,0.6460176991150443,0.6637168141592921,0.672566371681416,0.7256637168141593,0.8141592920353983,0.8584070796460177,0.9026548672566371,0.9292035398230089,0.9292035398230089,0.9469026548672567,0.9646017699115044,0.9734513274336283,1.0,0.6895356049954512,0.2429906542056075,0.2743362831858407,0.37168141592920356,0.4424778761061947,0.5309734513274337,0.5752212389380531,0.6460176991150443,0.6637168141592921,0.672566371681416,0.7256637168141593,0.8141592920353983,0.8584070796460177,0.9026548672566371,0.9292035398230089,0.9292035398230089,0.9469026548672567,0.8749999999999998,0.6999999999999996,1,0.7079646017699114,
NaiveBayes_SMOTE_iter14.csv,3,0.1260053619302949,0.41228070175438597,0.19301848049281314,0.12806880638480875,0.8988769735259491,0.5696987722131961,0.1906030668913982,0.09734513274336283,0.12389380530973451,0.1504424778761062,0.18584070796460178,0.25663716814159293,0.3008849557522124,0.30973451327433627,0.35398230088495575,0.39823008849557523,0.46017699115044247,0.49557522123893805,0.5663716814159292,0.6017699115044248,0.6991150442477876,0.7256637168141593,0.7699115044247787,0.831858407079646,0.911504424778761,1.0,0.3475746150899538,0.09734513274336283,0.12389380530973451,0.1504424778761062,0.18584070796460178,0.25663716814159293,0.3008849557522124,0.30973451327433627,0.35398230088495575,0.39823008849557523,0.46017699115044247,0.49557522123893805,0.5663716814159292,0.6017699115044248,0.6991150442477876,0.7256637168141593,0.7699115044247787,0.831858407079646,0.911504424778761,1.0,0.4161728329901754,0.10280373831775702,0.12389380530973448,0.1504424778761062,0.18584070796460184,0.2566371681415929,0.3008849557522124,0.3097345132743363,0.35398230088495575,0.3982300884955752,0.4601769911504425,0.49557522123893805,0.5663716814159292,0.6017699115044248,0.6991150442477876,0.7256637168141593,0.7699115044247787,0.4062499999999999,0.0,1,0.48625989753143917,
RandomForest_CostSensitive_iter26.csv,227,0.0,0.0,0.0,0.0003078453195671221,0.9272739153162571,0.0,-0.0016301235492713387,0.07692307692307693,0.11538461538461539,0.11538461538461539,0.15384615384615385,0.15384615384615385,0.3076923076923077,0.5384615384615384,0.5769230769230769,0.5769230769230769,0.6538461538461539,0.7307692307692307,0.7307692307692307,0.8461538461538461,0.8461538461538461,0.9230769230769231,0.9615384615384616,1.0,1.0,1.0,0.5890688259109311,0.07692307692307693,0.11538461538461539,0.11538461538461539,0.15384615384615385,0.15384615384615385,0.3076923076923077,0.5384615384615384,0.5769230769230769,0.5769230769230769,0.6538461538461539,0.7307692307692307,0.7307692307692307,0.8461538461538461,0.8461538461538461,0.9230769230769231,0.9615384615384616,1.0,1.0,1.0,0.5951417004048583,0.07692307692307687,0.11538461538461542,0.11538461538461542,0.15384615384615385,0.15384615384615385,0.3076923076923077,0.5384615384615384,0.5769230769230769,0.5769230769230769,0.6538461538461539,0.7307692307692307,0.7307692307692307,0.8461538461538461,0.8461538461538461,0.9230769230769231,0.9615384615384616,1.0,1.0,1,0.5951417004048583,
NaiveBayes_SMOTE_iter28.csv,16,0.04114490161001789,0.48936170212765956,0.07590759075907591,0.041704625362319,0.9315601833171734,0.6398851368047922,0.12449671787907599,0.021739130434782608,0.15217391304347827,0.17391304347826086,0.2608695652173913,0.32608695652173914,0.3695652173913043,0.43478260869565216,0.4782608695652174,0.5217391304347826,0.5652173913043478,0.5869565217391305,0.6086956521739131,0.6521739130434783,0.7391304347826086,0.8043478260869565,0.8260869565217391,0.8478260869565217,0.9130434782608695,1.0,0.5594965675057209,0.021739130434782608,0.15217391304347827,0.17391304347826086,0.2608695652173913,0.32608695652173914,0.3695652173913043,0.43478260869565216,0.4782608695652174,0.5217391304347826,0.5652173913043478,0.5869565217391305,0.6086956521739131,0.6521739130434783,0.7391304347826086,0.8043478260869565,0.8260869565217391,0.8478260869565217,0.9130434782608695,1.0,0.5411899313501144,0.021739130434782594,0.15217391304347827,0.17391304347826086,0.26086956521739135,0.32608695652173914,0.3695652173913043,0.4347826086956521,0.4782608695652174,0.5217391304347826,0.5652173913043478,0.5869565217391305,0.6086956521739131,0.6521739130434783,0.7391304347826086,0.8043478260869565,0.8260869565217391,0.8478260869565217,0.9130434782608695,1,0.5411899313501144,
RandomForest_iter20.csv,0,0.875,0.1891891891891892,0.3111111111111111,0.6657542336890162,0.9778522993184886,0.31817115275031005,0.4051779393432786,0.4864864864864865,0.5135135135135135,0.5405405405405406,0.5405405405405406,0.5945945945945946,0.6216216216216216,0.6756756756756757,0.7567567567567568,0.7837837837837838,0.8378378378378378,0.8648648648648649,0.8918918918918919,0.8918918918918919,0.8918918918918919,0.8918918918918919,0.918918918918919,0.9459459459459459,1.0,1.0,0.7681365576102417,0.4864864864864865,0.5135135135135135,0.5405405405405406,0.5405405405405406,0.5945945945945946,0.6216216216216216,0.6756756756756757,0.7567567567567568,0.7837837837837838,0.8378378378378378,0.8648648648648649,0.8918918918918919,0.8918918918918919,0.8918918918918919,0.8918918918918919,0.918918918918919,0.9459459459459459,1.0,1.0,0.770981507823613,0.4864864864864865,0.5135135135135135,0.5405405405405406,0.5405405405405406,0.5945945945945946,0.6216216216216216,0.6756756756756757,0.7567567567567568,0.7837837837837838,0.8378378378378378,0.8648648648648649,0.8918918918918919,0.8918918918918919,0.8918918918918919,0.8918918918918919,0.918918918918919,0.9459459459459459,1.0,1,0.770981507823613,
NaiveBayes_BestFirst_iter19.csv,51,0.020833333333333332,0.21052631578947367,0.037914691943127965,0.01785436599104265,0.9379336060202031,0.3453003997605299,0.05455274284247658,0.10526315789473684,0.10526315789473684,0.21052631578947367,0.2631578947368421,0.2631578947368421,0.2631578947368421,0.3684210526315789,0.3684210526315789,0.5789473684210527,0.631578947368421,0.7368421052631579,0.7368421052631579,0.9473684210526315,0.9473684210526315,0.9473684210526315,0.9473684210526315,0.9473684210526315,1.0,1.0,0.5180055401662049,0.10526315789473684,0.10526315789473684,0.21052631578947367,0.2631578947368421,0.2631578947368421,0.2631578947368421,0.3684210526315789,0.3684210526315789,0.5789473684210527,0.631578947368421,0.7368421052631579,0.7368421052631579,0.9473684210526315,0.9473684210526315,0.9473684210526315,0.9473684210526315,0.9473684210526315,1.0,1.0,0.5983379501385042,0.10526315789473684,0.10526315789473684,0.21052631578947367,0.26315789473684204,0.26315789473684204,0.26315789473684204,0.368421052631579,0.368421052631579,0.5789473684210527,0.631578947368421,0.7368421052631579,0.7368421052631579,0.9473684210526315,0.9473684210526315,0.9473684210526315,0.9473684210526315,0.9473684210526315,1.0,1,0.5983379501385042,
IBk_CostSensitive_iter15.csv,16,0.07526881720430108,0.5,0.1308411214953271,0.05057038802421428,0.824060501066098,0.662149385439647,0.18795377930583718,0.42857142857142855,0.5714285714285714,0.5714285714285714,0.7142857142857143,0.7857142857142857,0.8571428571428571,0.9285714285714286,1.0,1.0,1.0,1.0,1.0,1.0,1.0,1.0,1.0,1.0,1.0,1.0,0.7969924812030076,0.42857142857142855,0.5714285714285714,0.5714285714285714,0.7142857142857143,0.7857142857142857,0.8571428571428571,0.9285714285714286,1.0,1.0,1.0,1.0,1.0,1.0,1.0,1.0,1.0,1.0,1.0,1.0,0.887218045112782,0.4285714285714286,0.5714285714285714,0.5714285714285714,0.7142857142857143,0.7857142857142857,0.8571428571428571,0.9285714285714286,1.0,1.0,1.0,1.0,1.0,1.0,1.0,1.0,1.0,1.0,1.0,1,0.887218045112782,
NaiveBayes_BestFirst_iter25.csv,5,0.03870967741935484,0.3157894736842105,0.06896551724137931,0.044501882589610686,0.9396675670965493,0.47636243419881485,0.10120085561570075,0.10526315789473684,0.15789473684210525,0.21052631578947367,0.2631578947368421,0.3684210526315789,0.3684210526315789,0.42105263157894735,0.47368421052631576,0.5263157894736842,0.5789473684210527,0.6842105263157895,0.7368421052631579,0.7894736842105263,0.8421052631578947,1.0,1.0,1.0,1.0,1.0,0.5734072022160666,0.10526315789473684,0.15789473684210525,0.21052631578947367,0.2631578947368421,0.3684210526315789,0.3684210526315789,0.42105263157894735,0.47368421052631576,0.5263157894736842,0.5789473684210527,0.6842105263157895,0.7368421052631579,0.7894736842105263,0.8421052631578947,1.0,1.0,1.0,1.0,1.0,0.6066481994459835,0.10526315789473684,0.1578947368421053,0.21052631578947367,0.26315789473684204,0.368421052631579,0.368421052631579,0.42105263157894735,0.4736842105263157,0.5263157894736842,0.5789473684210527,0.6842105263157895,0.7368421052631579,0.7894736842105263,0.8421052631578947,1.0,1.0,1.0,1.0,1,0.6066481994459835,
NaiveBayes_BestFirst_iter6.csv,10,0.06785714285714285,0.4318181818181818,0.11728395061728394,0.07153397017669717,0.940643588048953,0.5907023096200114,0.1497378508140856,0.25,0.2727272727272727,0.29545454545454547,0.38636363636363635,0.4318181818181818,0.5,0.5454545454545454,0.5681818181818182,0.5909090909090909,0.6136363636363636,0.6363636363636364,0.7272727272727273,0.75,0.8181818181818182,0.9090909090909091,0.9772727272727273,1.0,1.0,1.0,0.6172248803827751,0.25,0.2727272727272727,0.29545454545454547,0.38636363636363635,0.4318181818181818,0.5,0.5454545454545454,0.5681818181818182,0.5909090909090909,0.6136363636363636,0.6363636363636364,0.7272727272727273,0.75,0.8181818181818182,0.9090909090909091,0.9772727272727273,1.0,1.0,1.0,0.645933014354067,0.25,0.2727272727272727,0.2954545454545454,0.38636363636363635,0.4318181818181819,0.5,0.5454545454545454,0.5681818181818182,0.5909090909090909,0.6136363636363636,0.6363636363636364,0.7272727272727273,0.75,0.8181818181818182,0.9090909090909091,0.9772727272727273,1.0,1.0,1,0.645933014354067,
RandomForest_SMOTE_iter3.csv,0,0.10869565217391304,0.5,0.17857142857142858,0.34206427026453284,0.9919570172582223,0.663673201182784,0.22824314747096475,1.0,1.0,1.0,1.0,1.0,1.0,1.0,1.0,1.0,1.0,1.0,1.0,1.0,1.0,1.0,1.0,1.0,1.0,1.0,1.0,1.0,1.0,1.0,1.0,1.0,1.0,1.0,1.0,1.0,1.0,1.0,1.0,1.0,1.0,1.0,1.0,1.0,1.0,1.0,1.0,1.0,1.0,1.0,1.0,1.0,1.0,1.0,1.0,1.0,1.0,1.0,1.0,1.0,1.0,1.0,1.0,1.0,1.0,1,1.0,
IBk_SMOTE_iter13.csv,2,0.16346153846153846,0.288135593220339,0.2085889570552147,0.08962561314650191,0.7377291992335748,0.4452259061015534,0.2022653570580878,0.25862068965517243,0.3793103448275862,0.41379310344827586,0.5172413793103449,0.5689655172413793,0.6379310344827587,0.6551724137931034,0.7241379310344828,0.7413793103448276,0.8103448275862069,0.8620689655172413,0.896551724137931,0.9137931034482759,0.9482758620689655,0.9655172413793104,0.9827586206896551,0.9827586206896551,0.9827586206896551,1.0,0.6455726430413602,0.25862068965517243,0.3793103448275862,0.41379310344827586,0.5172413793103449,0.5689655172413793,0.6379310344827587,0.6551724137931034,0.7241379310344828,0.7413793103448276,0.8103448275862069,0.8620689655172413,0.896551724137931,0.9137931034482759,0.9482758620689655,0.9655172413793104,0.9827586206896551,0.9827586206896551,0.9827586206896551,1.0,0.7490686789569203,0.2586206896551724,0.3793103448275862,0.4137931034482758,0.5172413793103449,0.5689655172413793,0.6379310344827587,0.6551724137931034,0.7241379310344828,0.7413793103448276,0.8103448275862069,0.8620689655172413,0.896551724137931,0.9137931034482759,0.9482758620689655,0.9655172413793104,0.9827586206896551,0.9827586206896551,0.9736842105263157,1,0.7495462794918331,
NaiveBayes_iter2.csv,2,0.013986013986013986,0.2,0.026143790849673203,0.013460406322343261,0.9480950830348422,0.3306811128040178,0.041659198803971155,0.1,0.2,0.2,0.2,0.2,0.2,0.2,0.2,0.2,0.4,0.8,0.8,0.8,0.9,0.9,0.9,0.9,1.0,1.0,0.4947368421052632,0.1,0.2,0.2,0.2,0.2,0.2,0.2,0.2,0.2,0.4,0.8,0.8,0.8,0.9,0.9,0.9,0.9,1.0,1.0,0.531578947368421,0.09999999999999998,0.19999999999999996,0.19999999999999996,0.19999999999999996,0.19999999999999996,0.19999999999999996,0.19999999999999996,0.19999999999999996,0.19999999999999996,0.4,0.8,0.8,0.8,0.9,0.9,0.9,0.9,1.0,1,0.531578947368421,
IBk_iter28.csv,0,0.875,0.5957446808510638,0.7088607594936709,0.7019293002666831,0.9985516497943402,0.7465088096163939,0.7205444197852648,0.8043478260869565,0.8043478260869565,0.8478260869565217,0.8478260869565217,0.8478260869565217,0.9130434782608695,0.9347826086956522,0.9347826086956522,0.9347826086956522,0.9347826086956522,0.9782608695652174,0.9782608695652174,1.0,1.0,1.0,1.0,1.0,1.0,1.0,0.9462242562929063,0.8043478260869565,0.8043478260869565,0.8478260869565217,0.8478260869565217,0.8478260869565217,0.9130434782608695,0.9347826086956522,0.9347826086956522,0.9347826086956522,0.9347826086956522,0.9782608695652174,0.9782608695652174,1.0,1.0,1.0,1.0,1.0,1.0,1.0,0.9347826086956521,0.8043478260869565,0.8043478260869565,0.8478260869565217,0.8478260869565217,0.8478260869565217,0.9130434782608695,0.9347826086956522,0.9347826086956522,0.9347826086956522,0.9347826086956522,0.9782608695652174,0.9782608695652174,1.0,1.0,1.0,1.0,1.0,1.0,1,0.9347826086956521,
RandomForest_BestFirst_iter28.csv,0,1.0,0.0425531914893617,0.08163265306122448,0.5639993855241827,0.9848962065871328,0.08163265306122448,0.20563050689737752,0.17391304347826086,0.2391304347826087,0.2608695652173913,0.34782608695652173,0.3695652173913043,0.391304347826087,0.45652173913043476,0.5,0.5434782608695652,0.6521739130434783,0.6956521739130435,0.7608695652173914,0.782608695652174,0.8260869565217391,0.9130434782608695,0.9782608695652174,1.0,1.0,1.0,0.6292906178489702,0.17391304347826086,0.2391304347826087,0.2608695652173913,0.34782608695652173,0.3695652173913043,0.391304347826087,0.45652173913043476,0.5,0.5434782608695652,0.6521739130434783,0.6956521739130435,0.7608695652173914,0.782608695652174,0.8260869565217391,0.9130434782608695,0.9782608695652174,1.0,1.0,1.0,0.625858123569794,0.17391304347826086,0.23913043478260865,0.26086956521739135,0.34782608695652173,0.3695652173913043,0.3913043478260869,0.4565217391304348,0.5,0.5434782608695652,0.6521739130434783,0.6956521739130435,0.7608695652173914,0.782608695652174,0.8260869565217391,0.9130434782608695,0.9782608695652174,1.0,1.0,1,0.625858123569794,
IBk_iter14.csv,0,0.4666666666666667,0.12280701754385964,0.19444444444444445,0.3614524339892256,0.9735407197329387,0.21865759459296358,0.22958401659263272,0.26548672566371684,0.35398230088495575,0.4424778761061947,0.48672566371681414,0.5663716814159292,0.6371681415929203,0.6991150442477876,0.7168141592920354,0.7433628318584071,0.7699115044247787,0.8053097345132744,0.8495575221238938,0.9026548672566371,0.911504424778761,0.9557522123893806,0.9823008849557522,1.0,1.0,1.0,0.7005244494600159,0.26548672566371684,0.35398230088495575,0.4424778761061947,0.48672566371681414,0.5663716814159292,0.6371681415929203,0.6991150442477876,0.7168141592920354,0.7433628318584071,0.7699115044247787,0.8053097345132744,0.8495575221238938,0.9026548672566371,0.911504424778761,0.9557522123893806,0.9823008849557522,1.0,1.0,1.0,0.742283299017538,0.28037383177570097,0.35398230088495575,0.4424778761061947,0.48672566371681414,0.5663716814159292,0.6371681415929203,0.6991150442477876,0.7168141592920354,0.7433628318584071,0.7699115044247787,0.8053097345132744,0.8495575221238938,0.9026548672566371,0.911504424778761,0.9557522123893806,0.9823008849557522,1.0,1.0,1,0.7414997671169072,
RandomForest_BestFirst_iter14.csv,0,0.3333333333333333,0.05263157894736842,0.09090909090909091,0.5635206322790364,0.8990689979700275,0.09998552682362022,0.12376757943128529,0.23893805309734514,0.26548672566371684,0.3185840707964602,0.3805309734513274,0.45132743362831856,0.4778761061946903,0.5309734513274337,0.5663716814159292,0.6017699115044248,0.6548672566371682,0.672566371681416,0.7345132743362832,0.7610619469026548,0.7964601769911505,0.8053097345132744,0.8407079646017699,0.9026548672566371,0.9469026548672567,1.0,0.5557509881207858,0.23893805309734514,0.26548672566371684,0.3185840707964602,0.3805309734513274,0.45132743362831856,0.4778761061946903,0.5309734513274337,0.5663716814159292,0.6017699115044248,0.6548672566371682,0.672566371681416,0.7345132743362832,0.7610619469026548,0.7964601769911505,0.8053097345132744,0.8407079646017699,0.9026548672566371,0.9469026548672567,1.0,0.587736501486534,0.25233644859813087,0.2654867256637168,0.31858407079646023,0.38053097345132736,0.4513274336283186,0.47787610619469034,0.5309734513274337,0.5663716814159292,0.6017699115044248,0.6548672566371682,0.672566371681416,0.7345132743362832,0.7610619469026548,0.7964601769911505,0.8053097345132744,0.8407079646017699,0.6562499999999998,0.40000000000000047,1,0.6287843502561713,
NaiveBayes_iter20.csv,14,0.047619047619047616,0.35135135135135137,0.08387096774193549,0.04783849306888278,0.942279334316411,0.5122820884380626,0.11200424419612481,0.10810810810810811,0.10810810810810811,0.1891891891891892,0.24324324324324326,0.2702702702702703,0.2972972972972973,0.32432432432432434,0.40540540540540543,0.40540540540540543,0.40540540540540543,0.4864864864864865,0.5135135135135135,0.6756756756756757,0.7027027027027027,0.8108108108108109,0.8918918918918919,0.918918918918919,0.918918918918919,1.0,0.4964438122332859,0.10810810810810811,0.10810810810810811,0.1891891891891892,0.24324324324324326,0.2702702702702703,0.2972972972972973,0.32432432432432434,0.40540540540540543,0.40540540540540543,0.40540540540540543,0.4864864864864865,0.5135135135135135,0.6756756756756757,0.7027027027027027,0.8108108108108109,0.8918918918918919,0.918918918918919,0.918918918918919,1.0,0.5092460881934566,0.10810810810810811,0.10810810810810811,0.18918918918918926,0.2432432432432432,0.2702702702702703,0.29729729729729737,0.32432432432432434,0.4054054054054055,0.4054054054054055,0.4054054054054055,0.4864864864864865,0.5135135135135135,0.6756756756756757,0.7027027027027027,0.8108108108108109,0.8918918918918919,0.918918918918919,0.918918918918919,1,0.5092460881934566,
IBk_SMOTE_iter1.csv,116,0.0,0.0,0.0,2.966038855109002e-05,0.9996736292428199,0.0,-0.00032637075718015666,1.0,1.0,1.0,1.0,1.0,1.0,1.0,1.0,1.0,1.0,1.0,1.0,1.0,1.0,1.0,1.0,1.0,1.0,1.0,1.0,1.0,1.0,1.0,1.0,1.0,1.0,1.0,1.0,1.0,1.0,1.0,1.0,1.0,1.0,1.0,1.0,1.0,1.0,1.0,1.0,1.0,1.0,1.0,1.0,1.0,1.0,1.0,1.0,1.0,1.0,1.0,1.0,1.0,1.0,1.0,1.0,1.0,1.0,1,1.0,
RandomForest_BestFirst_iter3.csv,0,1.0,0.1,0.18181818181818182,0.4730223363134756,0.9937154021491371,0.18181818181818182,0.3157654069206952,1.0,1.0,1.0,1.0,1.0,1.0,1.0,1.0,1.0,1.0,1.0,1.0,1.0,1.0,1.0,1.0,1.0,1.0,1.0,1.0,1.0,1.0,1.0,1.0,1.0,1.0,1.0,1.0,1.0,1.0,1.0,1.0,1.0,1.0,1.0,1.0,1.0,1.0,1.0,1.0,1.0,1.0,1.0,1.0,1.0,1.0,1.0,1.0,1.0,1.0,1.0,1.0,1.0,1.0,1.0,1.0,1.0,1.0,1,1.0,
NaiveBayes_SMOTE_iter4.csv,15,0.026584867075664622,0.7647058823529411,0.05138339920948617,0.023805832912189396,0.8962385570561042,0.8065831634139237,0.12465337537782555,0.5882352941176471,0.5882352941176471,0.6470588235294118,0.7058823529411765,0.7647058823529411,0.7647058823529411,0.7647058823529411,0.7647058823529411,0.7647058823529411,0.7647058823529411,0.8235294117647058,0.8235294117647058,0.8823529411764706,0.9411764705882353,1.0,1.0,1.0,1.0,1.0,0.5820433436532507,0.5882352941176471,0.5882352941176471,0.6470588235294118,0.7058823529411765,0.7647058823529411,0.7647058823529411,0.7647058823529411,0.7647058823529411,0.7647058823529411,0.7647058823529411,0.8235294117647058,0.8235294117647058,0.8823529411764706,0.9411764705882353,1.0,1.0,1.0,1.0,1.0,0.8204334365325078,0.5882352941176471,0.5882352941176471,0.6470588235294118,0.7058823529411765,0.7647058823529411,0.7647058823529411,0.7647058823529411,0.7647058823529411,0.7647058823529411,0.7647058823529411,0.8235294117647058,0.8235294117647058,0.8823529411764706,0.9411764705882353,1.0,1.0,1.0,1.0,1,0.8204334365325078,
NaiveBayes_SMOTE_iter5.csv,0,0.10582010582010581,0.5042016806722689,0.1749271137026239,0.11779446184437846,0.8643736030731239,0.63612611628708,0.1788569333028398,0.2033898305084746,0.2457627118644068,0.2711864406779661,0.3050847457627119,0.3559322033898305,0.3898305084745763,0.4406779661016949,0.4745762711864407,0.5338983050847458,0.559322033898305,0.5932203389830508,0.6271186440677966,0.6610169491525424,0.6779661016949152,0.7372881355932204,0.8050847457627118,0.8559322033898306,0.940677966101695,1.0,0.44505252175517585,0.2033898305084746,0.2457627118644068,0.2711864406779661,0.3050847457627119,0.3559322033898305,0.3898305084745763,0.4406779661016949,0.4745762711864407,0.5338983050847458,0.559322033898305,0.5932203389830508,0.6271186440677966,0.6610169491525424,0.6779661016949152,0.7372881355932204,0.8050847457627118,0.8559322033898306,0.940677966101695,1.0,0.4822565006823466,0.2264150943396226,0.25217391304347825,0.27118644067796605,0.30508474576271194,0.35593220338983045,0.38983050847457634,0.44067796610169485,0.47457627118644075,0.5338983050847458,0.559322033898305,0.5932203389830508,0.6271186440677966,0.6610169491525424,0.6779661016949152,0.7372881355932204,0.574074074074074,0.2608695652173917,0.222222222222223,1,0.5619982158786798,
RandomForest_BestFirst_iter2.csv,11,0.0,0.0,0.0,0.0002950635862028267,0.9876261803972647,0.0,-0.00102821689000552,0.3,0.5,0.5,0.6,0.6,0.6,0.7,0.8,0.8,0.8,0.8,0.8,0.9,1.0,1.0,1.0,1.0,1.0,1.0,0.7736842105263158,0.3,0.5,0.5,0.6,0.6,0.6,0.7,0.8,0.8,0.8,0.8,0.8,0.9,1.0,1.0,1.0,1.0,1.0,1.0,0.7736842105263158,0.30000000000000004,0.5,0.5,0.6,0.6,0.6,0.7,0.8,0.8,0.8,0.8,0.8,0.9,1.0,1.0,1.0,1.0,1.0,1,0.7736842105263158,
NaiveBayes_iter21.csv,45,0.022641509433962263,0.35294117647058826,0.0425531914893617,0.02257767193912477,0.9448444789089518,0.5140550069185132,0.07770960943987605,0.23529411764705882,0.23529411764705882,0.23529411764705882,0.29411764705882354,0.35294117647058826,0.35294117647058826,0.4117647058823529,0.4117647058823529,0.4117647058823529,0.4117647058823529,0.5882352941176471,0.5882352941176471,0.5882352941176471,0.6470588235294118,0.7647058823529411,0.7647058823529411,0.8823529411764706,1.0,1.0,0.49226006191950455,0.23529411764705882,0.23529411764705882,0.23529411764705882,0.29411764705882354,0.35294117647058826,0.35294117647058826,0.4117647058823529,0.4117647058823529,0.4117647058823529,0.4117647058823529,0.5882352941176471,0.5882352941176471,0.5882352941176471,0.6470588235294118,0.7647058823529411,0.7647058823529411,0.8823529411764706,1.0,1.0,0.5356037151702786,0.23529411764705888,0.23529411764705888,0.23529411764705888,0.2941176470588236,0.3529411764705883,0.3529411764705883,0.4117647058823529,0.4117647058823529,0.4117647058823529,0.4117647058823529,0.5882352941176471,0.5882352941176471,0.5882352941176471,0.6470588235294118,0.7647058823529411,0.7647058823529411,0.8823529411764706,1.0,1,0.5356037151702786,
RandomForest_BestFirst_iter15.csv,19,0.11363636363636363,0.35714285714285715,0.1724137931034483,0.05628886669042143,0.9645022654584218,0.5250475743271631,0.19701578225739177,0.7142857142857143,0.7857142857142857,0.7857142857142857,0.9285714285714286,0.9285714285714286,0.9285714285714286,0.9285714285714286,0.9285714285714286,0.9285714285714286,0.9285714285714286,0.9285714285714286,1.0,1.0,1.0,1.0,1.0,1.0,1.0,1.0,0.868421052631579,0.7142857142857143,0.7857142857142857,0.7857142857142857,0.9285714285714286,0.9285714285714286,0.9285714285714286,0.9285714285714286,0.9285714285714286,0.9285714285714286,0.9285714285714286,0.9285714285714286,1.0,1.0,1.0,1.0,1.0,1.0,1.0,1.0,0.9323308270676692,0.7142857142857143,0.7857142857142857,0.7857142857142857,0.9285714285714286,0.9285714285714286,0.9285714285714286,0.9285714285714286,0.9285714285714286,0.9285714285714286,0.9285714285714286,0.9285714285714286,1.0,1.0,1.0,1.0,1.0,1.0,1.0,1,0.9323308270676692,
IBk_iter15.csv,16,0.07142857142857142,0.2857142857142857,0.11428571428571428,0.061392527724832904,0.9754797441364604,0.4432353248927488,0.1374686037951598,0.42857142857142855,0.5,0.5714285714285714,0.7142857142857143,0.7857142857142857,0.8571428571428571,0.9285714285714286,1.0,1.0,1.0,1.0,1.0,1.0,1.0,1.0,1.0,1.0,1.0,1.0,0.7969924812030076,0.42857142857142855,0.5,0.5714285714285714,0.7142857142857143,0.7857142857142857,0.8571428571428571,0.9285714285714286,1.0,1.0,1.0,1.0,1.0,1.0,1.0,1.0,1.0,1.0,1.0,1.0,0.8834586466165413,0.4285714285714286,0.5,0.5714285714285714,0.7142857142857143,0.7857142857142857,0.8571428571428571,0.9285714285714286,1.0,1.0,1.0,1.0,1.0,1.0,1.0,1.0,1.0,1.0,1.0,1,0.8834586466165413,
NaiveBayes_iter3.csv,0,0.013513513513513514,0.2,0.02531645569620253,0.013454919302156441,0.9473787040052103,0.33058318264014463,0.040551284173278745,0.1,0.2,0.2,0.2,0.2,0.2,0.2,0.2,0.4,0.8,0.8,0.8,0.8,0.9,0.9,1.0,1.0,1.0,1.0,0.5315789473684212,0.1,0.2,0.2,0.2,0.2,0.2,0.2,0.2,0.4,0.8,0.8,0.8,0.8,0.9,0.9,1.0,1.0,1.0,1.0,0.5736842105263157,0.09999999999999998,0.19999999999999996,0.19999999999999996,0.19999999999999996,0.19999999999999996,0.19999999999999996,0.19999999999999996,0.19999999999999996,0.4,0.8,0.8,0.8,0.8,0.9,0.9,1.0,1.0,1.0,1,0.5736842105263158,
IBk_SMOTE_iter12.csv,0,0.3125,0.6481481481481481,0.42168674698795183,0.17339859218741682,0.8972402901576595,0.7807140256405343,0.44025771922998375,0.7169811320754716,0.7735849056603774,0.7735849056603774,0.8113207547169812,0.8301886792452831,0.8679245283018868,0.8867924528301887,0.9245283018867925,0.9433962264150944,0.9433962264150944,0.9433962264150944,0.9622641509433962,0.9811320754716981,0.9811320754716981,1.0,1.0,1.0,1.0,1.0,0.8848063555114201,0.7169811320754716,0.7735849056603774,0.7735849056603774,0.8113207547169812,0.8301886792452831,0.8679245283018868,0.8867924528301887,0.9245283018867925,0.9433962264150944,0.9433962264150944,0.9433962264150944,0.9622641509433962,0.9811320754716981,0.9811320754716981,1.0,1.0,1.0,1.0,1.0,0.9126117179741808,0.7169811320754716,0.7735849056603774,0.7735849056603774,0.8113207547169812,0.8301886792452831,0.8679245283018868,0.8867924528301887,0.9245283018867925,0.9433962264150944,0.9433962264150944,0.9433962264150944,0.9622641509433962,0.9811320754716981,0.9811320754716981,1.0,1.0,1.0,1.0,1,0.9126117179741808,
RandomForest_SMOTE_iter2.csv,65,0,0.0,0.0,0.0002950635862028267,0.9766525561706285,0.0,0,0.1,0.2,0.3,0.4,0.5,0.5,0.5,0.6,0.8,0.9,0.9,0.9,0.9,0.9,1.0,1.0,1.0,1.0,1.0,0.7052631578947369,0.1,0.2,0.3,0.4,0.5,0.5,0.5,0.6,0.8,0.9,0.9,0.9,0.9,0.9,1.0,1.0,1.0,1.0,1.0,0.7052631578947369,0.09999999999999998,0.19999999999999996,0.30000000000000004,0.4,0.5,0.5,0.5,0.6,0.8,0.9,0.9,0.9,0.9,0.9,1.0,1.0,1.0,1.0,1,0.7052631578947369,
NaiveBayes_BestFirst_iter7.csv,13,0.05084745762711865,0.21428571428571427,0.0821917808219178,0.04168342790020051,0.8886006427110721,0.3502831612450129,0.08573283712346223,0.17073170731707318,0.17073170731707318,0.21951219512195122,0.2926829268292683,0.3170731707317073,0.34146341463414637,0.43902439024390244,0.5853658536585366,0.6585365853658537,0.7560975609756098,0.8048780487804879,0.8292682926829268,0.8780487804878049,0.926829268292683,0.975609756097561,0.975609756097561,1.0,1.0,1.0,0.5712451861360719,0.17073170731707318,0.17073170731707318,0.21951219512195122,0.2926829268292683,0.3170731707317073,0.34146341463414637,0.43902439024390244,0.5853658536585366,0.6585365853658537,0.7560975609756098,0.8048780487804879,0.8292682926829268,0.8780487804878049,0.926829268292683,0.975609756097561,0.975609756097561,1.0,1.0,1.0,0.6495507060333761,0.1707317073170732,0.1707317073170732,0.2195121951219512,0.29268292682926833,0.3170731707317074,0.3414634146341464,0.4390243902439024,0.5853658536585366,0.6585365853658537,0.7560975609756098,0.8048780487804879,0.8292682926829268,0.8780487804878049,0.926829268292683,0.975609756097561,0.975609756097561,1.0,1.0,1,0.6495507060333761,
IBk_CostSensitive_iter28.csv,0,0.8372093023255814,0.7659574468085106,0.8,0.6228294466319455,0.986844403225515,0.8670969326911758,0.7995293124895435,0.8043478260869565,0.8043478260869565,0.8478260869565217,0.8478260869565217,0.8478260869565217,0.9130434782608695,0.9347826086956522,0.9347826086956522,0.9347826086956522,0.9347826086956522,0.9782608695652174,0.9782608695652174,1.0,1.0,1.0,1.0,1.0,1.0,1.0,0.9462242562929063,0.8043478260869565,0.8043478260869565,0.8478260869565217,0.8478260869565217,0.8478260869565217,0.9130434782608695,0.9347826086956522,0.9347826086956522,0.9347826086956522,0.9347826086956522,0.9782608695652174,0.9782608695652174,1.0,1.0,1.0,1.0,1.0,1.0,1.0,0.9347826086956521,0.8043478260869565,0.8043478260869565,0.8478260869565217,0.8478260869565217,0.8478260869565217,0.9130434782608695,0.9347826086956522,0.9347826086956522,0.9347826086956522,0.9347826086956522,0.9782608695652174,0.9782608695652174,1.0,1.0,1.0,1.0,1.0,1.0,1,0.9347826086956521,
NaiveBayes_BestFirst_iter24.csv,3,0.02702702702702703,0.15789473684210525,0.046153846153846156,0.026802356289302488,0.9740022261090795,0.2720424107142857,0.05827762056894319,0.15789473684210525,0.15789473684210525,0.15789473684210525,0.15789473684210525,0.15789473684210525,0.3157894736842105,0.42105263157894735,0.42105263157894735,0.42105263157894735,0.47368421052631576,0.631578947368421,0.631578947368421,0.6842105263157895,0.7894736842105263,0.8421052631578947,1.0,1.0,1.0,1.0,0.6094182825484764,0.15789473684210525,0.15789473684210525,0.15789473684210525,0.15789473684210525,0.15789473684210525,0.3157894736842105,0.42105263157894735,0.42105263157894735,0.42105263157894735,0.47368421052631576,0.631578947368421,0.631578947368421,0.6842105263157895,0.7894736842105263,0.8421052631578947,1.0,1.0,1.0,1.0,0.5484764542936289,0.1578947368421053,0.1578947368421053,0.1578947368421053,0.1578947368421053,0.1578947368421053,0.3157894736842105,0.42105263157894735,0.42105263157894735,0.42105263157894735,0.4736842105263157,0.631578947368421,0.631578947368421,0.6842105263157895,0.7894736842105263,0.8421052631578947,1.0,1.0,1.0,1,0.5484764542936289,
IBk_CostSensitive_iter14.csv,0,0.21505376344086022,0.17543859649122806,0.1932367149758454,0.23990570310211368,0.7171838665704436,0.29771320683194946,0.17435642859937633,0.25663716814159293,0.35398230088495575,0.4424778761061947,0.48672566371681414,0.5663716814159292,0.6371681415929203,0.6991150442477876,0.7168141592920354,0.7433628318584071,0.7699115044247787,0.8053097345132744,0.8495575221238938,0.9026548672566371,0.911504424778761,0.9557522123893806,0.9823008849557522,1.0,1.0,1.0,0.7005244494600159,0.25663716814159293,0.35398230088495575,0.4424778761061947,0.48672566371681414,0.5663716814159292,0.6371681415929203,0.6991150442477876,0.7168141592920354,0.7433628318584071,0.7699115044247787,0.8053097345132744,0.8495575221238938,0.9026548672566371,0.911504424778761,0.9557522123893806,0.9823008849557522,1.0,1.0,1.0,0.7417914151021421,0.2710280373831776,0.35398230088495575,0.4424778761061947,0.48672566371681414,0.5663716814159292,0.6371681415929203,0.6991150442477876,0.7168141592920354,0.7433628318584071,0.7699115044247787,0.8053097345132744,0.8495575221238938,0.9026548672566371,0.911504424778761,0.9557522123893806,0.9823008849557522,1.0,1.0,1,0.7410340009315324,
NaiveBayes_BestFirst_iter18.csv,50,0.03428571428571429,0.42857142857142855,0.06349206349206349,0.024510349603261105,0.9341508143727463,0.5932063336087723,0.11281139805416267,0.07142857142857142,0.2857142857142857,0.35714285714285715,0.42857142857142855,0.42857142857142855,0.42857142857142855,0.42857142857142855,0.5,0.5,0.5,0.5,0.6428571428571429,0.7857142857142857,0.8571428571428571,0.8571428571428571,0.8571428571428571,0.9285714285714286,1.0,1.0,0.5676691729323309,0.07142857142857142,0.2857142857142857,0.35714285714285715,0.42857142857142855,0.42857142857142855,0.42857142857142855,0.42857142857142855,0.5,0.5,0.5,0.5,0.6428571428571429,0.7857142857142857,0.8571428571428571,0.8571428571428571,0.8571428571428571,0.9285714285714286,1.0,1.0,0.5977443609022557,0.0714285714285714,0.2857142857142857,0.3571428571428572,0.4285714285714286,0.4285714285714286,0.4285714285714286,0.4285714285714286,0.5,0.5,0.5,0.5,0.6428571428571429,0.7857142857142857,0.8571428571428571,0.8571428571428571,0.8571428571428571,0.9285714285714286,1.0,1,0.5977443609022557,
IBk_CostSensitive_iter16.csv,1,0.20930232558139536,0.42857142857142855,0.28125,0.15895970806782914,0.8444052061122955,0.5985647952722667,0.2947171105531768,0.42857142857142855,0.5714285714285714,0.6666666666666666,0.6666666666666666,0.6666666666666666,0.7142857142857143,0.8095238095238095,0.9047619047619048,0.9047619047619048,0.9047619047619048,0.9523809523809523,0.9523809523809523,0.9523809523809523,0.9523809523809523,0.9523809523809523,1.0,1.0,1.0,1.0,0.8571428571428571,0.42857142857142855,0.5714285714285714,0.6666666666666666,0.6666666666666666,0.6666666666666666,0.7142857142857143,0.8095238095238095,0.9047619047619048,0.9047619047619048,0.9047619047619048,0.9523809523809523,0.9523809523809523,0.9523809523809523,0.9523809523809523,0.9523809523809523,1.0,1.0,1.0,1.0,0.8421052631578947,0.4285714285714286,0.5714285714285714,0.6666666666666666,0.6666666666666666,0.6666666666666666,0.7142857142857143,0.8095238095238095,0.9047619047619048,0.9047619047619048,0.9047619047619048,0.9523809523809523,0.9523809523809523,0.9523809523809523,0.9523809523809523,0.9523809523809523,1.0,1.0,1.0,1,0.8421052631578947,
NaiveBayes_BestFirst_iter26.csv,71,0.016129032258064516,0.07692307692307693,0.02666666666666667,0.012757539483661347,0.9685853874301337,0.14269200886850733,0.028103403192534456,0.07692307692307693,0.11538461538461539,0.15384615384615385,0.15384615384615385,0.19230769230769232,0.34615384615384615,0.4230769230769231,0.5384615384615384,0.6153846153846154,0.6153846153846154,0.6538461538461539,0.6538461538461539,0.7307692307692307,0.7307692307692307,0.8461538461538461,0.9615384615384616,0.9615384615384616,1.0,1.0,0.4534412955465586,0.07692307692307693,0.11538461538461539,0.15384615384615385,0.15384615384615385,0.19230769230769232,0.34615384615384615,0.4230769230769231,0.5384615384615384,0.6153846153846154,0.6153846153846154,0.6538461538461539,0.6538461538461539,0.7307692307692307,0.7307692307692307,0.8461538461538461,0.9615384615384616,0.9615384615384616,1.0,1.0,0.5668016194331983,0.07692307692307687,0.11538461538461542,0.15384615384615385,0.15384615384615385,0.1923076923076923,0.34615384615384615,0.42307692307692313,0.5384615384615384,0.6153846153846154,0.6153846153846154,0.6538461538461539,0.6538461538461539,0.7307692307692307,0.7307692307692307,0.8461538461538461,0.9615384615384616,0.9615384615384616,1.0,1,0.5668016194331983,
NaiveBayes_BestFirst_iter5.csv,5,0.20634920634920634,0.3277310924369748,0.2532467532467532,0.1945048376839127,0.9572098637379584,0.4885206492779262,0.22975612747821328,0.2033898305084746,0.2542372881355932,0.3050847457627119,0.3389830508474576,0.4406779661016949,0.4661016949152542,0.5,0.559322033898305,0.576271186440678,0.6186440677966102,0.6864406779661016,0.7203389830508474,0.7711864406779662,0.8050847457627118,0.8305084745762712,0.8389830508474576,0.9152542372881356,0.9491525423728814,1.0,0.45288419530493623,0.2033898305084746,0.2542372881355932,0.3050847457627119,0.3389830508474576,0.4406779661016949,0.4661016949152542,0.5,0.559322033898305,0.576271186440678,0.6186440677966102,0.6864406779661016,0.7203389830508474,0.7711864406779662,0.8050847457627118,0.8305084745762712,0.8389830508474576,0.9152542372881356,0.9491525423728814,1.0,0.5606646105336556,0.2264150943396226,0.26086956521739135,0.30508474576271194,0.3389830508474576,0.44067796610169485,0.4661016949152542,0.5,0.559322033898305,0.576271186440678,0.6186440677966102,0.6864406779661016,0.7203389830508474,0.7711864406779662,0.8050847457627118,0.8305084745762712,0.6481481481481481,0.5652173913043479,0.3333333333333338,1,0.6199821587867974,
NaiveBayes_CostSensitive_iter9.csv,15,0.0425531914893617,0.23076923076923078,0.0718562874251497,0.041053307517591585,0.9103253714500658,0.3700952688519296,0.07282534742555123,0.11764705882352941,0.1568627450980392,0.1568627450980392,0.21568627450980393,0.21568627450980393,0.23529411764705882,0.2549019607843137,0.27450980392156865,0.29411764705882354,0.37254901960784315,0.45098039215686275,0.5490196078431373,0.5882352941176471,0.7058823529411765,0.7450980392156863,0.8627450980392157,0.9215686274509803,0.9803921568627451,1.0,0.40247678018575855,0.11764705882352941,0.1568627450980392,0.1568627450980392,0.21568627450980393,0.21568627450980393,0.23529411764705882,0.2549019607843137,0.27450980392156865,0.29411764705882354,0.37254901960784315,0.45098039215686275,0.5490196078431373,0.5882352941176471,0.7058823529411765,0.7450980392156863,0.8627450980392157,0.9215686274509803,0.9803921568627451,1.0,0.478844169246646,0.11764705882352944,0.1568627450980392,0.1568627450980392,0.21568627450980393,0.21568627450980393,0.23529411764705888,0.2549019607843137,0.27450980392156865,0.2941176470588236,0.37254901960784315,0.4509803921568627,0.5490196078431373,0.5882352941176471,0.7058823529411765,0.7450980392156863,0.8627450980392157,0.9215686274509803,0.9803921568627451,1,0.478844169246646,
IBk_SMOTE_iter10.csv,0,0.2809917355371901,0.6938775510204082,0.4,0.20642108618415822,0.9376340030175493,0.812086650268668,0.43189237945325587,0.8125,0.8958333333333334,0.8958333333333334,0.9166666666666666,0.9375,0.9375,0.9375,0.9375,0.9375,0.9375,0.9375,0.9583333333333334,0.9583333333333334,0.9583333333333334,0.9583333333333334,0.9791666666666666,1.0,1.0,1.0,0.9517543859649124,0.8125,0.8958333333333334,0.8958333333333334,0.9166666666666666,0.9375,0.9375,0.9375,0.9375,0.9375,0.9375,0.9375,0.9583333333333334,0.9583333333333334,0.9583333333333334,0.9583333333333334,0.9791666666666666,1.0,1.0,1.0,0.9418859649122808,0.8125,0.8958333333333334,0.8958333333333334,0.9166666666666666,0.9375,0.9375,0.9375,0.9375,0.9375,0.9375,0.9375,0.9583333333333334,0.9583333333333334,0.9583333333333334,0.9583333333333334,0.9791666666666666,1.0,1.0,1,0.9418859649122808,
NaiveBayes_iter1.csv,1300,0.0,0.0,0.0,2.966038855109002e-05,0.9419060052219321,0.0,-0.003907782349003881,0.0,0.0,0.0,0.0,0.0,0.0,0.0,0.0,0.0,0.0,0.0,0.0,0.0,0.0,0.0,0.0,0.0,0.0,1.0,0.15789473684210525,0.0,0.0,0.0,0.0,0.0,0.0,0.0,0.0,0.0,0.0,0.0,0.0,0.0,0.0,0.0,0.0,0.0,0.0,1.0,0.05263157894736842,0.0,0.0,0.0,0.0,0.0,0.0,0.0,0.0,0.0,0.0,0.0,0.0,0.0,0.0,0.0,0.0,0.0,0.0,1,0.05263157894736842,
RandomForest_BestFirst_iter17.csv,0,0.9090909090909091,0.30303030303030304,0.45454545454545453,0.6799188704683999,0.9605975564815596,0.46509097832295265,0.5231148325476964,0.6363636363636364,0.6363636363636364,0.696969696969697,0.7272727272727273,0.7575757575757576,0.7878787878787878,0.7878787878787878,0.7878787878787878,0.7878787878787878,0.8181818181818182,0.8484848484848485,0.8484848484848485,0.8787878787878788,0.8787878787878788,0.9090909090909091,0.9393939393939394,0.9393939393939394,1.0,1.0,0.8165869218500797,0.6363636363636364,0.6363636363636364,0.696969696969697,0.7272727272727273,0.7575757575757576,0.7878787878787878,0.7878787878787878,0.7878787878787878,0.7878787878787878,0.8181818181818182,0.8484848484848485,0.8484848484848485,0.8787878787878788,0.8787878787878788,0.9090909090909091,0.9393939393939394,0.9393939393939394,1.0,1.0,0.8245614035087719,0.6363636363636364,0.6363636363636364,0.696969696969697,0.7272727272727273,0.7575757575757576,0.7878787878787878,0.7878787878787878,0.7878787878787878,0.7878787878787878,0.8181818181818182,0.8484848484848485,0.8484848484848485,0.8787878787878788,0.8787878787878788,0.9090909090909091,0.9393939393939394,0.9393939393939394,1.0,1,0.8245614035087719,
IBk_iter17.csv,0,1.0,0.5454545454545454,0.7058823529411765,0.7283924340464242,0.9869816027439972,0.7058823529411764,0.7372569471972081,0.6363636363636364,0.696969696969697,0.696969696969697,0.7272727272727273,0.7272727272727273,0.7272727272727273,0.7878787878787878,0.8181818181818182,0.8484848484848485,0.8787878787878788,0.8787878787878788,0.8787878787878788,0.9090909090909091,0.9393939393939394,0.9696969696969697,0.9696969696969697,1.0,1.0,1.0,0.8883572567783095,0.6363636363636364,0.696969696969697,0.696969696969697,0.7272727272727273,0.7272727272727273,0.7272727272727273,0.7878787878787878,0.8181818181818182,0.8484848484848485,0.8787878787878788,0.8787878787878788,0.8787878787878788,0.9090909090909091,0.9393939393939394,0.9696969696969697,0.9696969696969697,1.0,1.0,1.0,0.84688995215311,0.6363636363636364,0.696969696969697,0.696969696969697,0.7272727272727273,0.7272727272727273,0.7272727272727273,0.7878787878787878,0.8181818181818182,0.8484848484848485,0.8787878787878788,0.8787878787878788,0.8787878787878788,0.9090909090909091,0.9393939393939394,0.9696969696969697,0.9696969696969697,1.0,1.0,1,0.84688995215311,
IBk_SMOTE_iter2.csv,44,0.0,0.0,0.0,0.0002950635862028267,0.9973949853467926,0.0,-0.002911546999962166,0.1,0.1,0.1,0.2,0.3,0.3,0.6,0.6,0.7,0.8,0.8,1.0,1.0,1.0,1.0,1.0,1.0,1.0,1.0,0.42105263157894735,0.1,0.1,0.1,0.2,0.3,0.3,0.6,0.6,0.7,0.8,0.8,1.0,1.0,1.0,1.0,1.0,1.0,1.0,1.0,0.6631578947368421,0.09999999999999998,0.09999999999999998,0.09999999999999998,0.19999999999999996,0.30000000000000004,0.30000000000000004,0.6,0.6,0.7,0.8,0.8,1.0,1.0,1.0,1.0,1.0,1.0,1.0,1,0.6631578947368421,
NaiveBayes_iter23.csv,6,0.014150943396226415,0.42857142857142855,0.0273972602739726,0.013409884501318215,0.9643243800587712,0.5930277813814704,0.07237462431304853,0.14285714285714285,0.2857142857142857,0.2857142857142857,0.2857142857142857,0.2857142857142857,0.2857142857142857,0.42857142857142855,0.42857142857142855,0.5714285714285714,0.5714285714285714,0.7142857142857143,0.7142857142857143,0.7142857142857143,0.7142857142857143,0.7142857142857143,1.0,1.0,1.0,1.0,0.556390977443609,0.14285714285714285,0.2857142857142857,0.2857142857142857,0.2857142857142857,0.2857142857142857,0.2857142857142857,0.42857142857142855,0.42857142857142855,0.5714285714285714,0.5714285714285714,0.7142857142857143,0.7142857142857143,0.7142857142857143,0.7142857142857143,0.7142857142857143,1.0,1.0,1.0,1.0,0.5864661654135338,0.1428571428571428,0.2857142857142857,0.2857142857142857,0.2857142857142857,0.2857142857142857,0.2857142857142857,0.4285714285714286,0.4285714285714286,0.5714285714285714,0.5714285714285714,0.7142857142857143,0.7142857142857143,0.7142857142857143,0.7142857142857143,0.7142857142857143,1.0,1.0,1.0,1,0.5864661654135338,
IBk_CostSensitive_iter8.csv,0,0.22950819672131148,0.25,0.23931623931623933,0.18294914333140377,0.9847300888049785,0.3990712380199585,0.22865381979362276,0.41818181818181815,0.45454545454545453,0.4909090909090909,0.5636363636363636,0.6181818181818182,0.6727272727272727,0.7636363636363637,0.7636363636363637,0.7818181818181819,0.8727272727272727,0.9090909090909091,0.9090909090909091,0.9272727272727272,0.9272727272727272,0.9272727272727272,0.9272727272727272,0.9454545454545454,0.9818181818181818,1.0,0.6488038277511962,0.41818181818181815,0.45454545454545453,0.4909090909090909,0.5636363636363636,0.6181818181818182,0.6727272727272727,0.7636363636363637,0.7636363636363637,0.7818181818181819,0.8727272727272727,0.9090909090909091,0.9090909090909091,0.9272727272727272,0.9272727272727272,0.9272727272727272,0.9272727272727272,0.9454545454545454,0.9818181818181818,1.0,0.781818181818182,0.4181818181818182,0.4545454545454546,0.49090909090909096,0.5636363636363636,0.6181818181818182,0.6727272727272727,0.7636363636363637,0.7636363636363637,0.7818181818181819,0.8727272727272727,0.9090909090909091,0.9090909090909091,0.9272727272727272,0.9272727272727272,0.9272727272727272,0.9272727272727272,0.9454545454545454,0.9818181818181818,1,0.781818181818182,
NaiveBayes_SMOTE_iter7.csv,25,0.031630170316301706,0.30952380952380953,0.05739514348785872,0.031240137964517797,0.8932340052585457,0.4609346749658886,0.07101559861129692,0.1951219512195122,0.2682926829268293,0.2682926829268293,0.3170731707317073,0.3170731707317073,0.34146341463414637,0.3902439024390244,0.3902439024390244,0.3902439024390244,0.4146341463414634,0.5121951219512195,0.5121951219512195,0.5365853658536586,0.6097560975609756,0.7073170731707317,0.7804878048780488,0.8292682926829268,0.9512195121951219,1.0,0.40436456996148906,0.1951219512195122,0.2682926829268293,0.2682926829268293,0.3170731707317073,0.3170731707317073,0.34146341463414637,0.3902439024390244,0.3902439024390244,0.3902439024390244,0.4146341463414634,0.5121951219512195,0.5121951219512195,0.5365853658536586,0.6097560975609756,0.7073170731707317,0.7804878048780488,0.8292682926829268,0.9512195121951219,1.0,0.5121951219512194,0.19512195121951215,0.2682926829268293,0.2682926829268293,0.3170731707317074,0.3170731707317074,0.3414634146341464,0.3902439024390244,0.3902439024390244,0.3902439024390244,0.41463414634146334,0.5121951219512195,0.5121951219512195,0.5365853658536586,0.6097560975609756,0.7073170731707317,0.7804878048780488,0.8292682926829268,0.9512195121951219,1,0.5121951219512194,
NaiveBayes_SMOTE_iter6.csv,34,0.04904051172707889,0.5227272727272727,0.08966861598440545,0.04990148047877799,0.9060427539369631,0.658127354738147,0.13315582132298567,0.25,0.29545454545454547,0.3181818181818182,0.4090909090909091,0.45454545454545453,0.4772727272727273,0.4772727272727273,0.5227272727272727,0.5909090909090909,0.6363636363636364,0.6363636363636364,0.6363636363636364,0.6363636363636364,0.6590909090909091,0.7272727272727273,0.8181818181818182,0.8409090909090909,0.9318181818181818,1.0,0.5251196172248803,0.25,0.29545454545454547,0.3181818181818182,0.4090909090909091,0.45454545454545453,0.4772727272727273,0.4772727272727273,0.5227272727272727,0.5909090909090909,0.6363636363636364,0.6363636363636364,0.6363636363636364,0.6363636363636364,0.6590909090909091,0.7272727272727273,0.8181818181818182,0.8409090909090909,0.9318181818181818,1.0,0.5956937799043063,0.25,0.2954545454545454,0.3181818181818181,0.40909090909090917,0.4545454545454546,0.4772727272727273,0.4772727272727273,0.5227272727272727,0.5909090909090909,0.6363636363636364,0.6363636363636364,0.6363636363636364,0.6363636363636364,0.6590909090909091,0.7272727272727273,0.8181818181818182,0.8409090909090909,0.9318181818181818,1,0.5956937799043063,
IBk_CostSensitive_iter9.csv,0,0.5,0.7307692307692307,0.59375,0.46251565780623294,0.9734812864397216,0.8411139395396094,0.5985440281991632,0.9019607843137255,0.9607843137254902,0.9607843137254902,0.9803921568627451,0.9803921568627451,0.9803921568627451,1.0,1.0,1.0,1.0,1.0,1.0,1.0,1.0,1.0,1.0,1.0,1.0,1.0,0.9907120743034056,0.9019607843137255,0.9607843137254902,0.9607843137254902,0.9803921568627451,0.9803921568627451,0.9803921568627451,1.0,1.0,1.0,1.0,1.0,1.0,1.0,1.0,1.0,1.0,1.0,1.0,1.0,0.9876160990712075,0.9019607843137255,0.9607843137254902,0.9607843137254902,0.9803921568627451,0.9803921568627451,0.9803921568627451,1.0,1.0,1.0,1.0,1.0,1.0,1.0,1.0,1.0,1.0,1.0,1.0,1,0.9876160990712075,
RandomForest_BestFirst_iter1.csv,2357,0,0.0,0.0,2.966038855109002e-05,0.9673629242819843,0.0,0,0.0,0.0,0.0,0.0,0.0,0.0,1.0,1.0,1.0,1.0,1.0,1.0,1.0,1.0,1.0,1.0,1.0,1.0,1.0,0.6842105263157895,0.0,0.0,0.0,0.0,0.0,0.0,1.0,1.0,1.0,1.0,1.0,1.0,1.0,1.0,1.0,1.0,1.0,1.0,1.0,0.6842105263157895,0.0,0.0,0.0,0.0,0.0,0.0,1.0,1.0,1.0,1.0,1.0,1.0,1.0,1.0,1.0,1.0,1.0,1.0,1,0.6842105263157895,
NaiveBayes_iter22.csv,39,0.01098901098901099,0.75,0.021660649819494584,0.011506607246323786,0.9651594144776415,0.836619468503355,0.08659858237649314,0.0,0.0,0.25,0.5,0.5,0.5,0.75,0.75,0.75,0.75,0.75,0.75,0.75,0.75,0.75,1.0,1.0,1.0,1.0,0.7368421052631579,0.0,0.0,0.25,0.5,0.5,0.5,0.75,0.75,0.75,0.75,0.75,0.75,0.75,0.75,0.75,1.0,1.0,1.0,1.0,0.6578947368421053,0.0,0.0,0.25,0.5,0.5,0.5,0.75,0.75,0.75,0.75,0.75,0.75,0.75,0.75,0.75,1.0,1.0,1.0,1,0.6578947368421053,
IBk_SMOTE_iter3.csv,1,0.10638297872340426,0.5,0.17543859649122806,0.2747041168153721,0.9929013350700099,0.6635995180194983,0.2256880694256205,1.0,1.0,1.0,1.0,1.0,1.0,1.0,1.0,1.0,1.0,1.0,1.0,1.0,1.0,1.0,1.0,1.0,1.0,1.0,1.0,1.0,1.0,1.0,1.0,1.0,1.0,1.0,1.0,1.0,1.0,1.0,1.0,1.0,1.0,1.0,1.0,1.0,1.0,1.0,1.0,1.0,1.0,1.0,1.0,1.0,1.0,1.0,1.0,1.0,1.0,1.0,1.0,1.0,1.0,1.0,1.0,1.0,1.0,1,1.0,
IBk_iter16.csv,1,0.35294117647058826,0.2857142857142857,0.3157894736842105,0.32563047155107483,0.9801994491826582,0.4441905751006101,0.31455582425933065,0.42857142857142855,0.5714285714285714,0.6666666666666666,0.6666666666666666,0.6666666666666666,0.7142857142857143,0.8095238095238095,0.9047619047619048,0.9047619047619048,0.9047619047619048,0.9523809523809523,0.9523809523809523,0.9523809523809523,0.9523809523809523,0.9523809523809523,1.0,1.0,1.0,1.0,0.8571428571428571,0.42857142857142855,0.5714285714285714,0.6666666666666666,0.6666666666666666,0.6666666666666666,0.7142857142857143,0.8095238095238095,0.9047619047619048,0.9047619047619048,0.9047619047619048,0.9523809523809523,0.9523809523809523,0.9523809523809523,0.9523809523809523,0.9523809523809523,1.0,1.0,1.0,1.0,0.8421052631578947,0.4285714285714286,0.5714285714285714,0.6666666666666666,0.6666666666666666,0.6666666666666666,0.7142857142857143,0.8095238095238095,0.9047619047619048,0.9047619047619048,0.9047619047619048,0.9523809523809523,0.9523809523809523,0.9523809523809523,0.9523809523809523,0.9523809523809523,1.0,1.0,1.0,1,0.8421052631578947,
RandomForest_BestFirst_iter16.csv,0,0.7,0.3333333333333333,0.45161290322580644,0.47132841195703806,0.9648187633262265,0.49991250072916055,0.4814149448728351,0.5714285714285714,0.5714285714285714,0.6666666666666666,0.6666666666666666,0.7142857142857143,0.7142857142857143,0.7619047619047619,0.8095238095238095,0.8095238095238095,0.8095238095238095,0.8095238095238095,0.8095238095238095,0.8095238095238095,0.8095238095238095,0.8095238095238095,0.8095238095238095,0.8095238095238095,0.9523809523809523,1.0,0.7669172932330829,0.5714285714285714,0.5714285714285714,0.6666666666666666,0.6666666666666666,0.7142857142857143,0.7142857142857143,0.7619047619047619,0.8095238095238095,0.8095238095238095,0.8095238095238095,0.8095238095238095,0.8095238095238095,0.8095238095238095,0.8095238095238095,0.8095238095238095,0.8095238095238095,0.8095238095238095,0.9523809523809523,1.0,0.774436090225564,0.5714285714285714,0.5714285714285714,0.6666666666666666,0.6666666666666666,0.7142857142857143,0.7142857142857143,0.7619047619047619,0.8095238095238095,0.8095238095238095,0.8095238095238095,0.8095238095238095,0.8095238095238095,0.8095238095238095,0.8095238095238095,0.8095238095238095,0.8095238095238095,0.8095238095238095,0.9523809523809523,1,0.774436090225564,
IBk_SMOTE_iter11.csv,0,0.0783132530120482,0.7959183673469388,0.1425959780621572,0.1511674995237972,0.9309349740381234,0.8397422524409915,0.22748463390457102,0.7916666666666666,0.875,0.875,0.8958333333333334,0.8958333333333334,0.8958333333333334,0.8958333333333334,0.8958333333333334,0.9166666666666666,0.9166666666666666,0.9375,0.9375,0.9583333333333334,0.9791666666666666,0.9791666666666666,0.9791666666666666,1.0,1.0,1.0,0.9166666666666665,0.7916666666666666,0.875,0.875,0.8958333333333334,0.8958333333333334,0.8958333333333334,0.8958333333333334,0.8958333333333334,0.9166666666666666,0.9166666666666666,0.9375,0.9375,0.9583333333333334,0.9791666666666666,0.9791666666666666,0.9791666666666666,1.0,1.0,1.0,0.9276315789473685,0.7916666666666666,0.875,0.875,0.8958333333333334,0.8958333333333334,0.8958333333333334,0.8958333333333334,0.8958333333333334,0.9166666666666666,0.9166666666666666,0.9375,0.9375,0.9583333333333334,0.9791666666666666,0.9791666666666666,0.9791666666666666,1.0,1.0,1,0.9276315789473685,
NaiveBayes_CostSensitive_iter8.csv,23,0.04904632152588556,0.32142857142857145,0.0851063829787234,0.048302753904848235,0.8984249353192083,0.4756806449331731,0.09591603640033854,0.14545454545454545,0.21818181818181817,0.3090909090909091,0.32727272727272727,0.36363636363636365,0.36363636363636365,0.38181818181818183,0.4,0.41818181818181815,0.41818181818181815,0.4909090909090909,0.6,0.6181818181818182,0.6727272727272727,0.7636363636363637,0.8909090909090909,0.9272727272727272,0.9818181818181818,1.0,0.43540669856459335,0.14545454545454545,0.21818181818181817,0.3090909090909091,0.32727272727272727,0.36363636363636365,0.36363636363636365,0.38181818181818183,0.4,0.41818181818181815,0.41818181818181815,0.4909090909090909,0.6,0.6181818181818182,0.6727272727272727,0.7636363636363637,0.8909090909090909,0.9272727272727272,0.9818181818181818,1.0,0.5416267942583732,0.1454545454545455,0.21818181818181814,0.3090909090909091,0.32727272727272727,0.36363636363636365,0.36363636363636365,0.38181818181818183,0.4,0.4181818181818182,0.4181818181818182,0.49090909090909096,0.6,0.6181818181818182,0.6727272727272727,0.7636363636363637,0.8909090909090909,0.9272727272727272,0.9818181818181818,1,0.5416267942583732,
NaiveBayes_BestFirst_iter4.csv,8,0.047619047619047616,0.17647058823529413,0.075,0.03617796658559183,0.969781564397716,0.29915466499686916,0.08265291700978326,0.11764705882352941,0.11764705882352941,0.17647058823529413,0.6470588235294118,0.7058823529411765,0.7058823529411765,0.7647058823529411,0.7647058823529411,0.7647058823529411,0.8823529411764706,0.8823529411764706,0.8823529411764706,0.8823529411764706,0.8823529411764706,0.8823529411764706,1.0,1.0,1.0,1.0,0.6625386996904026,0.11764705882352941,0.11764705882352941,0.17647058823529413,0.6470588235294118,0.7058823529411765,0.7058823529411765,0.7647058823529411,0.7647058823529411,0.7647058823529411,0.8823529411764706,0.8823529411764706,0.8823529411764706,0.8823529411764706,0.8823529411764706,0.8823529411764706,1.0,1.0,1.0,1.0,0.7399380804953561,0.11764705882352944,0.11764705882352944,0.17647058823529416,0.6470588235294118,0.7058823529411765,0.7058823529411765,0.7647058823529411,0.7647058823529411,0.7647058823529411,0.8823529411764706,0.8823529411764706,0.8823529411764706,0.8823529411764706,0.8823529411764706,0.8823529411764706,1.0,1.0,1.0,1,0.7399380804953561,
RandomForest_SMOTE_iter1.csv,5,0.0,0.0,0.0,0.007605417964308665,0.9983681462140991,0.0,-0.0004616332891167357,1.0,1.0,1.0,1.0,1.0,1.0,1.0,1.0,1.0,1.0,1.0,1.0,1.0,1.0,1.0,1.0,1.0,1.0,1.0,1.0,1.0,1.0,1.0,1.0,1.0,1.0,1.0,1.0,1.0,1.0,1.0,1.0,1.0,1.0,1.0,1.0,1.0,1.0,1.0,1.0,1.0,1.0,1.0,1.0,1.0,1.0,1.0,1.0,1.0,1.0,1.0,1.0,1.0,1.0,1.0,1.0,1.0,1.0,1,1.0,
NaiveBayes_BestFirst_iter27.csv,21,0.10344827586206896,0.20454545454545456,0.13740458015267176,0.07348705283168831,0.9813048252867784,0.33896171939755665,0.1378231605163426,0.16279069767441862,0.18604651162790697,0.20930232558139536,0.27906976744186046,0.3488372093023256,0.37209302325581395,0.3953488372093023,0.3953488372093023,0.4418604651162791,0.4883720930232558,0.5116279069767442,0.5581395348837209,0.6511627906976745,0.7209302325581395,0.7441860465116279,0.7441860465116279,0.8372093023255814,0.9069767441860465,1.0,0.5226438188494491,0.16279069767441862,0.18604651162790697,0.20930232558139536,0.27906976744186046,0.3488372093023256,0.37209302325581395,0.3953488372093023,0.3953488372093023,0.4418604651162791,0.4883720930232558,0.5116279069767442,0.5581395348837209,0.6511627906976745,0.7209302325581395,0.7441860465116279,0.7441860465116279,0.8372093023255814,0.9069767441860465,1.0,0.5238678090575274,0.16279069767441867,0.18604651162790697,0.2093023255813954,0.2790697674418605,0.34883720930232553,0.37209302325581395,0.39534883720930236,0.39534883720930236,0.4418604651162791,0.4883720930232558,0.5116279069767442,0.5581395348837209,0.6511627906976745,0.7209302325581395,0.7441860465116279,0.7441860465116279,0.8372093023255814,0.9069767441860465,1,0.5238678090575274,
IBk_CostSensitive_iter17.csv,0,0.5,0.5757575757575758,0.5352112676056338,0.3924016406434115,0.8971851347903732,0.7295794339835382,0.5327141472819765,0.6363636363636364,0.696969696969697,0.696969696969697,0.7272727272727273,0.7272727272727273,0.7272727272727273,0.7878787878787878,0.8181818181818182,0.8484848484848485,0.8787878787878788,0.8787878787878788,0.8787878787878788,0.9090909090909091,0.9393939393939394,0.9696969696969697,0.9696969696969697,1.0,1.0,1.0,0.8883572567783095,0.6363636363636364,0.696969696969697,0.696969696969697,0.7272727272727273,0.7272727272727273,0.7272727272727273,0.7878787878787878,0.8181818181818182,0.8484848484848485,0.8787878787878788,0.8787878787878788,0.8787878787878788,0.9090909090909091,0.9393939393939394,0.9696969696969697,0.9696969696969697,1.0,1.0,1.0,0.84688995215311,0.6363636363636364,0.696969696969697,0.696969696969697,0.7272727272727273,0.7272727272727273,0.7272727272727273,0.7878787878787878,0.8181818181818182,0.8484848484848485,0.8787878787878788,0.8787878787878788,0.8787878787878788,0.9090909090909091,0.9393939393939394,0.9696969696969697,0.9696969696969697,1.0,1.0,1,0.84688995215311,
NaiveBayes_BestFirst_iter23.csv,11,0.016,0.2857142857142857,0.030303030303030304,0.020492887417913497,0.9779089549930405,0.4422139257808515,0.06303492393921194,0.14285714285714285,0.14285714285714285,0.14285714285714285,0.14285714285714285,0.42857142857142855,0.5714285714285714,0.5714285714285714,0.7142857142857143,0.7142857142857143,0.7142857142857143,0.7142857142857143,0.7142857142857143,0.7142857142857143,0.7142857142857143,0.7142857142857143,0.8571428571428571,1.0,1.0,1.0,0.5939849624060151,0.14285714285714285,0.14285714285714285,0.14285714285714285,0.14285714285714285,0.42857142857142855,0.5714285714285714,0.5714285714285714,0.7142857142857143,0.7142857142857143,0.7142857142857143,0.7142857142857143,0.7142857142857143,0.7142857142857143,0.7142857142857143,0.7142857142857143,0.8571428571428571,1.0,1.0,1.0,0.6165413533834587,0.1428571428571428,0.1428571428571428,0.1428571428571428,0.1428571428571428,0.4285714285714286,0.5714285714285714,0.5714285714285714,0.7142857142857143,0.7142857142857143,0.7142857142857143,0.7142857142857143,0.7142857142857143,0.7142857142857143,0.7142857142857143,0.7142857142857143,0.8571428571428571,1.0,1.0,1,0.6165413533834587,
IBk_CostSensitive_iter13.csv,4,0.20238095238095238,0.288135593220339,0.23776223776223776,0.23568053720897453,0.7470920571618478,0.4457247187930439,0.2285811769724093,0.27586206896551724,0.3793103448275862,0.41379310344827586,0.5172413793103449,0.5689655172413793,0.6379310344827587,0.6551724137931034,0.7241379310344828,0.7413793103448276,0.8103448275862069,0.8620689655172413,0.896551724137931,0.9137931034482759,0.9482758620689655,0.9655172413793104,0.9827586206896551,0.9827586206896551,0.9827586206896551,1.0,0.649202407106696,0.27586206896551724,0.3793103448275862,0.41379310344827586,0.5172413793103449,0.5689655172413793,0.6379310344827587,0.6551724137931034,0.7241379310344828,0.7413793103448276,0.8103448275862069,0.8620689655172413,0.896551724137931,0.9137931034482759,0.9482758620689655,0.9655172413793104,0.9827586206896551,0.9827586206896551,0.9827586206896551,1.0,0.7499761199732543,0.27586206896551724,0.3793103448275862,0.4137931034482758,0.5172413793103449,0.5689655172413793,0.6379310344827587,0.6551724137931034,0.7241379310344828,0.7413793103448276,0.8103448275862069,0.8620689655172413,0.896551724137931,0.9137931034482759,0.9482758620689655,0.9655172413793104,0.9827586206896551,0.9827586206896551,0.9736842105263157,1,0.7504537205081668,
IBk_SMOTE_iter15.csv,16,0.037037037037037035,0.5,0.06896551724137931,0.030506719157972515,0.8562766524520259,0.65696,0.12715263826610204,0.42857142857142855,0.6428571428571429,0.7142857142857143,0.8571428571428571,0.9285714285714286,0.9285714285714286,1.0,1.0,1.0,1.0,1.0,1.0,1.0,1.0,1.0,1.0,1.0,1.0,1.0,0.8533834586466166,0.42857142857142855,0.6428571428571429,0.7142857142857143,0.8571428571428571,0.9285714285714286,0.9285714285714286,1.0,1.0,1.0,1.0,1.0,1.0,1.0,1.0,1.0,1.0,1.0,1.0,1.0,0.9210526315789473,0.4285714285714286,0.6428571428571429,0.7142857142857143,0.8571428571428571,0.9285714285714286,0.9285714285714286,1.0,1.0,1.0,1.0,1.0,1.0,1.0,1.0,1.0,1.0,1.0,1.0,1,0.9210526315789473,
RandomForest_SMOTE_iter5.csv,0,0.3333333333333333,0.08403361344537816,0.1342281879194631,0.21971004512140455,0.9270500117032063,0.15497278827619368,0.15462045462992746,0.1440677966101695,0.17796610169491525,0.2288135593220339,0.2711864406779661,0.3135593220338983,0.3644067796610169,0.423728813559322,0.5423728813559322,0.6271186440677966,0.6610169491525424,0.711864406779661,0.7796610169491526,0.864406779661017,0.8728813559322034,0.8898305084745762,0.923728813559322,0.9576271186440678,0.9745762711864406,1.0,0.5894709033815612,0.1440677966101695,0.17796610169491525,0.2288135593220339,0.2711864406779661,0.3135593220338983,0.3644067796610169,0.423728813559322,0.5423728813559322,0.6271186440677966,0.6610169491525424,0.711864406779661,0.7796610169491526,0.864406779661017,0.8728813559322034,0.8898305084745762,0.923728813559322,0.9576271186440678,0.9745762711864406,1.0,0.5882338003906332,0.1603773584905661,0.18260869565217386,0.22881355932203395,0.27118644067796605,0.31355932203389836,0.36440677966101687,0.423728813559322,0.5423728813559322,0.6271186440677966,0.6610169491525424,0.711864406779661,0.7796610169491526,0.864406779661017,0.8728813559322034,0.8898305084745762,0.8333333333333333,0.782608695652174,0.6666666666666662,1,0.6173059768064229,
RandomForest_iter8.csv,0,1.0,0.07142857142857142,0.13333333333333333,0.27156496472159647,0.8990630025872318,0.13333333333333333,0.2655766694215072,0.43636363636363634,0.4727272727272727,0.5454545454545454,0.6,0.6181818181818182,0.6181818181818182,0.6727272727272727,0.6909090909090909,0.7090909090909091,0.7636363636363637,0.7636363636363637,0.7636363636363637,0.7636363636363637,0.8,0.8727272727272727,0.9636363636363636,0.9818181818181818,1.0,1.0,0.6354066985645933,0.43636363636363634,0.4727272727272727,0.5454545454545454,0.6,0.6181818181818182,0.6181818181818182,0.6727272727272727,0.6909090909090909,0.7090909090909091,0.7636363636363637,0.7636363636363637,0.7636363636363637,0.7636363636363637,0.8,0.8727272727272727,0.9636363636363636,0.9818181818181818,1.0,1.0,0.738755980861244,0.4363636363636363,0.47272727272727266,0.5454545454545454,0.6,0.6181818181818182,0.6181818181818182,0.6727272727272727,0.6909090909090909,0.7090909090909091,0.7636363636363637,0.7636363636363637,0.7636363636363637,0.7636363636363637,0.8,0.8727272727272727,0.9636363636363636,0.9818181818181818,1.0,1,0.738755980861244,
RandomForest_BestFirst_iter12.csv,0,0.88,0.4074074074074074,0.5569620253164557,0.7963075643925509,0.9768730426403277,0.5788261859606614,0.5956250091911687,0.7169811320754716,0.7547169811320755,0.8113207547169812,0.8113207547169812,0.8301886792452831,0.8867924528301887,0.8867924528301887,0.9056603773584906,0.9056603773584906,0.9056603773584906,0.9245283018867925,0.9245283018867925,0.9433962264150944,1.0,1.0,1.0,1.0,1.0,1.0,0.8927507447864946,0.7169811320754716,0.7547169811320755,0.8113207547169812,0.8113207547169812,0.8301886792452831,0.8867924528301887,0.8867924528301887,0.9056603773584906,0.9056603773584906,0.9056603773584906,0.9245283018867925,0.9245283018867925,0.9433962264150944,1.0,1.0,1.0,1.0,1.0,1.0,0.9056603773584906,0.7169811320754716,0.7547169811320755,0.8113207547169812,0.8113207547169812,0.8301886792452831,0.8867924528301887,0.8867924528301887,0.9056603773584906,0.9056603773584906,0.9056603773584906,0.9245283018867925,0.9245283018867925,0.9433962264150944,1.0,1.0,1.0,1.0,1.0,1,0.9056603773584906,
IBk_iter12.csv,0,0.8928571428571429,0.46296296296296297,0.6097560975609756,0.6749398810392218,0.965363098584009,0.6327665689346396,0.6399259892680412,0.7547169811320755,0.7735849056603774,0.7735849056603774,0.8113207547169812,0.8301886792452831,0.8679245283018868,0.8867924528301887,0.9245283018867925,0.9433962264150944,0.9433962264150944,0.9433962264150944,0.9811320754716981,0.9811320754716981,0.9811320754716981,1.0,1.0,1.0,1.0,1.0,0.8848063555114201,0.7547169811320755,0.7735849056603774,0.7735849056603774,0.8113207547169812,0.8301886792452831,0.8679245283018868,0.8867924528301887,0.9245283018867925,0.9433962264150944,0.9433962264150944,0.9433962264150944,0.9811320754716981,0.9811320754716981,0.9811320754716981,1.0,1.0,1.0,1.0,1.0,0.9155908639523337,0.7547169811320755,0.7735849056603774,0.7735849056603774,0.8113207547169812,0.8301886792452831,0.8679245283018868,0.8867924528301887,0.9245283018867925,0.9433962264150944,0.9433962264150944,0.9433962264150944,0.9811320754716981,0.9811320754716981,0.9811320754716981,1.0,1.0,1.0,1.0,1,0.9155908639523337,
NaiveBayes_iter4.csv,9,0.02247191011235955,0.23529411764705882,0.041025641025641026,0.021157482010294996,0.9349950149551342,0.37688496172549746,0.057591103659482314,0.058823529411764705,0.11764705882352941,0.17647058823529413,0.23529411764705882,0.23529411764705882,0.23529411764705882,0.23529411764705882,0.29411764705882354,0.4117647058823529,0.7647058823529411,0.8235294117647058,0.8235294117647058,0.8235294117647058,0.9411764705882353,0.9411764705882353,1.0,1.0,1.0,1.0,0.5232198142414861,0.058823529411764705,0.11764705882352941,0.17647058823529413,0.23529411764705882,0.23529411764705882,0.23529411764705882,0.23529411764705882,0.29411764705882354,0.4117647058823529,0.7647058823529411,0.8235294117647058,0.8235294117647058,0.8235294117647058,0.9411764705882353,0.9411764705882353,1.0,1.0,1.0,1.0,0.5851393188854489,0.05882352941176472,0.11764705882352944,0.17647058823529416,0.23529411764705888,0.23529411764705888,0.23529411764705888,0.23529411764705888,0.2941176470588236,0.4117647058823529,0.7647058823529411,0.8235294117647058,0.8235294117647058,0.8235294117647058,0.9411764705882353,0.9411764705882353,1.0,1.0,1.0,1,0.5851393188854489,
RandomForest_BestFirst_iter5.csv,0,1.0,0.01680672268907563,0.03305785123966942,0.6695278625984789,0.959892422288413,0.03305785123966942,0.12761809020761494,0.2033898305084746,0.22033898305084745,0.2542372881355932,0.2796610169491525,0.3135593220338983,0.3559322033898305,0.3983050847457627,0.4915254237288136,0.6864406779661016,0.7288135593220338,0.7288135593220338,0.7627118644067796,0.7796610169491526,0.7966101694915254,0.8389830508474576,0.8813559322033898,0.9152542372881356,0.9745762711864406,1.0,0.5803550885497524,0.2033898305084746,0.22033898305084745,0.2542372881355932,0.2796610169491525,0.3135593220338983,0.3559322033898305,0.3983050847457627,0.4915254237288136,0.6864406779661016,0.7288135593220338,0.7288135593220338,0.7627118644067796,0.7796610169491526,0.7966101694915254,0.8389830508474576,0.8813559322033898,0.9152542372881356,0.9745762711864406,1.0,0.5705463729926974,0.2264150943396226,0.22608695652173916,0.2542372881355932,0.27966101694915246,0.31355932203389836,0.35593220338983045,0.39830508474576276,0.4915254237288136,0.6864406779661016,0.7288135593220338,0.7288135593220338,0.7627118644067796,0.7796610169491526,0.7966101694915254,0.8389830508474576,0.7407407407407407,0.5652173913043479,0.6666666666666662,1,0.6110615521855486,
IBk_SMOTE_iter7.csv,0,0.11643835616438356,0.40476190476190477,0.18085106382978725,0.0886389204544354,0.8818638621092607,0.570893632955614,0.20271864206674284,0.5365853658536586,0.5365853658536586,0.5609756097560976,0.6097560975609756,0.6097560975609756,0.6341463414634146,0.6341463414634146,0.6341463414634146,0.6585365853658537,0.7073170731707317,0.7317073170731707,0.7560975609756098,0.7804878048780488,0.7804878048780488,0.8048780487804879,0.8536585365853658,0.8536585365853658,0.9512195121951219,1.0,0.6777920410783055,0.5365853658536586,0.5365853658536586,0.5609756097560976,0.6097560975609756,0.6097560975609756,0.6341463414634146,0.6341463414634146,0.6341463414634146,0.6585365853658537,0.7073170731707317,0.7317073170731707,0.7560975609756098,0.7804878048780488,0.7804878048780488,0.8048780487804879,0.8536585365853658,0.8536585365853658,0.9512195121951219,1.0,0.717586649550706,0.5365853658536586,0.5365853658536586,0.5609756097560976,0.6097560975609756,0.6097560975609756,0.6341463414634146,0.6341463414634146,0.6341463414634146,0.6585365853658537,0.7073170731707317,0.7317073170731707,0.7560975609756098,0.7804878048780488,0.7804878048780488,0.8048780487804879,0.8536585365853658,0.8536585365853658,0.9512195121951219,1,0.717586649550706,
NaiveBayes_iter26.csv,41,0.01171875,0.11538461538461539,0.02127659574468085,0.009739199189424955,0.9628955728014796,0.20616727813124042,0.026638284593722836,0.07692307692307693,0.07692307692307693,0.11538461538461539,0.11538461538461539,0.11538461538461539,0.11538461538461539,0.15384615384615385,0.23076923076923078,0.23076923076923078,0.2692307692307692,0.3076923076923077,0.34615384615384615,0.6153846153846154,0.6153846153846154,0.7692307692307693,0.8846153846153846,0.8846153846153846,0.9230769230769231,1.0,0.3603238866396761,0.07692307692307693,0.07692307692307693,0.11538461538461539,0.11538461538461539,0.11538461538461539,0.11538461538461539,0.15384615384615385,0.23076923076923078,0.23076923076923078,0.2692307692307692,0.3076923076923077,0.34615384615384615,0.6153846153846154,0.6153846153846154,0.7692307692307693,0.8846153846153846,0.8846153846153846,0.9230769230769231,1.0,0.41295546558704455,0.07692307692307687,0.07692307692307687,0.11538461538461542,0.11538461538461542,0.11538461538461542,0.11538461538461542,0.15384615384615385,0.23076923076923084,0.23076923076923084,0.26923076923076916,0.3076923076923077,0.34615384615384615,0.6153846153846154,0.6153846153846154,0.7692307692307693,0.8846153846153846,0.8846153846153846,0.9230769230769231,1,0.41295546558704455,
NaiveBayes_SMOTE_iter2.csv,8,0.015503875968992248,0.4,0.029850746268656716,0.014443614105728536,0.8845978508629118,0.5570771740742572,0.06515264853528054,0.2,0.2,0.2,0.4,0.4,0.4,0.5,0.5,0.6,0.6,0.8,0.8,0.8,0.9,1.0,1.0,1.0,1.0,1.0,0.5052631578947369,0.2,0.2,0.2,0.4,0.4,0.4,0.5,0.5,0.6,0.6,0.8,0.8,0.8,0.9,1.0,1.0,1.0,1.0,1.0,0.6473684210526316,0.19999999999999996,0.19999999999999996,0.19999999999999996,0.4,0.4,0.4,0.5,0.5,0.6,0.6,0.8,0.8,0.8,0.9,1.0,1.0,1.0,1.0,1,0.6473684210526316,
NaiveBayes_SMOTE_iter3.csv,5,0.018475750577367205,0.8,0.03611738148984198,0.017433939260230704,0.9083034842070994,0.8296621462726346,0.10827747241052368,0.6,0.6,0.6,0.6,0.8,0.8,0.8,0.8,0.8,0.8,0.8,0.8,0.9,1.0,1.0,1.0,1.0,1.0,1.0,0.5947368421052632,0.6,0.6,0.6,0.6,0.8,0.8,0.8,0.8,0.8,0.8,0.8,0.8,0.9,1.0,1.0,1.0,1.0,1.0,1.0,0.8263157894736842,0.6,0.6,0.6,0.6,0.8,0.8,0.8,0.8,0.8,0.8,0.8,0.8,0.9,1.0,1.0,1.0,1.0,1.0,1,0.8263157894736842,
NaiveBayes_iter27.csv,22,0.06944444444444445,0.3409090909090909,0.11538461538461539,0.06816102766583908,0.9700685357431112,0.5046085564059565,0.14245560197390683,0.11627906976744186,0.16279069767441862,0.27906976744186046,0.3023255813953488,0.3488372093023256,0.37209302325581395,0.4186046511627907,0.46511627906976744,0.5116279069767442,0.5348837209302325,0.5813953488372093,0.6511627906976745,0.6744186046511628,0.7209302325581395,0.7441860465116279,0.7906976744186046,0.8837209302325582,0.9302325581395349,1.0,0.5691554467564259,0.11627906976744186,0.16279069767441862,0.27906976744186046,0.3023255813953488,0.3488372093023256,0.37209302325581395,0.4186046511627907,0.46511627906976744,0.5116279069767442,0.5348837209302325,0.5813953488372093,0.6511627906976745,0.6744186046511628,0.7209302325581395,0.7441860465116279,0.7906976744186046,0.8837209302325582,0.9302325581395349,1.0,0.5520195838433292,0.11627906976744184,0.16279069767441867,0.2790697674418605,0.3023255813953488,0.34883720930232553,0.37209302325581395,0.4186046511627908,0.4651162790697674,0.5116279069767442,0.5348837209302325,0.5813953488372093,0.6511627906976745,0.6744186046511628,0.7209302325581395,0.7441860465116279,0.7906976744186046,0.8837209302325582,0.9302325581395349,1,0.5520195838433292,
IBk_SMOTE_iter6.csv,0,0.12380952380952381,0.5909090909090909,0.2047244094488189,0.08903396162850699,0.9071138813555457,0.7297498653802179,0.2547237869611803,0.45454545454545453,0.5454545454545454,0.5681818181818182,0.7045454545454546,0.8409090909090909,0.8863636363636364,0.9318181818181818,0.9318181818181818,0.9545454545454546,0.9545454545454546,0.9545454545454546,0.9772727272727273,0.9772727272727273,1.0,1.0,1.0,1.0,1.0,1.0,0.8385167464114832,0.45454545454545453,0.5454545454545454,0.5681818181818182,0.7045454545454546,0.8409090909090909,0.8863636363636364,0.9318181818181818,0.9318181818181818,0.9545454545454546,0.9545454545454546,0.9545454545454546,0.9772727272727273,0.9772727272727273,1.0,1.0,1.0,1.0,1.0,1.0,0.8779904306220094,0.4545454545454546,0.5454545454545454,0.5681818181818182,0.7045454545454546,0.8409090909090909,0.8863636363636364,0.9318181818181818,0.9318181818181818,0.9545454545454546,0.9545454545454546,0.9545454545454546,0.9772727272727273,0.9772727272727273,1.0,1.0,1.0,1.0,1.0,1,0.8779904306220094,
RandomForest_BestFirst_iter4.csv,0,1.0,0.058823529411764705,0.1111111111111111,0.779694554372666,0.9777032538747393,0.1111111111111111,0.24193989647311287,0.7058823529411765,0.7058823529411765,0.8235294117647058,0.8823529411764706,0.8823529411764706,0.8823529411764706,0.8823529411764706,0.8823529411764706,0.8823529411764706,0.8823529411764706,0.9411764705882353,0.9411764705882353,1.0,1.0,1.0,1.0,1.0,1.0,1.0,0.9071207430340557,0.7058823529411765,0.7058823529411765,0.8235294117647058,0.8823529411764706,0.8823529411764706,0.8823529411764706,0.8823529411764706,0.8823529411764706,0.8823529411764706,0.8823529411764706,0.9411764705882353,0.9411764705882353,1.0,1.0,1.0,1.0,1.0,1.0,1.0,0.910216718266254,0.7058823529411765,0.7058823529411765,0.8235294117647058,0.8823529411764706,0.8823529411764706,0.8823529411764706,0.8823529411764706,0.8823529411764706,0.8823529411764706,0.8823529411764706,0.9411764705882353,0.9411764705882353,1.0,1.0,1.0,1.0,1.0,1.0,1,0.910216718266254,
NaiveBayes_iter5.csv,0,0.15902140672782875,0.4369747899159664,0.23318385650224216,0.1671780444747515,0.9411535231241593,0.5935326895566299,0.22478185235083395,0.15254237288135594,0.17796610169491525,0.22033898305084745,0.2711864406779661,0.3135593220338983,0.3813559322033898,0.4322033898305085,0.4661016949152542,0.5,0.5084745762711864,0.6101694915254238,0.635593220338983,0.6610169491525424,0.6864406779661016,0.6949152542372882,0.7033898305084746,0.7966101694915254,0.864406779661017,1.0,0.4213445400198556,0.15254237288135594,0.17796610169491525,0.22033898305084745,0.2711864406779661,0.3135593220338983,0.3813559322033898,0.4322033898305085,0.4661016949152542,0.5,0.5084745762711864,0.6101694915254238,0.635593220338983,0.6610169491525424,0.6864406779661016,0.6949152542372882,0.7033898305084746,0.7966101694915254,0.864406779661017,1.0,0.42555935791905963,0.16981132075471705,0.18260869565217386,0.22033898305084743,0.27118644067796605,0.31355932203389836,0.3813559322033898,0.43220338983050843,0.4661016949152542,0.5,0.5084745762711864,0.6101694915254238,0.635593220338983,0.6610169491525424,0.6864406779661016,0.6949152542372882,0.35185185185185186,0,0,1,0.5303300624442462,
IBk_iter13.csv,4,0.5,0.2033898305084746,0.2891566265060241,0.36674082776530276,0.9239975546611195,0.33786180804052046,0.3130186098820387,0.3275862068965517,0.3793103448275862,0.41379310344827586,0.5172413793103449,0.5689655172413793,0.6379310344827587,0.6551724137931034,0.7241379310344828,0.7413793103448276,0.8103448275862069,0.8620689655172413,0.896551724137931,0.9137931034482759,0.9482758620689655,0.9655172413793104,0.9827586206896551,0.9827586206896551,0.9827586206896551,1.0,0.649202407106696,0.3275862068965517,0.3793103448275862,0.41379310344827586,0.5172413793103449,0.5689655172413793,0.6379310344827587,0.6551724137931034,0.7241379310344828,0.7413793103448276,0.8103448275862069,0.8620689655172413,0.896551724137931,0.9137931034482759,0.9482758620689655,0.9655172413793104,0.9827586206896551,0.9827586206896551,0.9827586206896551,1.0,0.7526984430222562,0.3275862068965517,0.3793103448275862,0.4137931034482758,0.5172413793103449,0.5689655172413793,0.6379310344827587,0.6551724137931034,0.7241379310344828,0.7413793103448276,0.8103448275862069,0.8620689655172413,0.896551724137931,0.9137931034482759,0.9482758620689655,0.9655172413793104,0.9827586206896551,0.9827586206896551,0.9736842105263157,1,0.7531760435571687,
RandomForest_BestFirst_iter13.csv,0,0.47058823529411764,0.13559322033898305,0.21052631578947367,0.49847280027427965,0.9333522067542224,0.23874372841597705,0.24729094526724418,0.29310344827586204,0.3448275862068966,0.4482758620689655,0.5172413793103449,0.5517241379310345,0.6206896551724138,0.6551724137931034,0.6724137931034483,0.8103448275862069,0.8275862068965517,0.8448275862068966,0.8448275862068966,0.8793103448275862,0.9137931034482759,0.9655172413793104,1.0,1.0,1.0,1.0,0.7441016333938294,0.29310344827586204,0.3448275862068966,0.4482758620689655,0.5172413793103449,0.5517241379310345,0.6206896551724138,0.6551724137931034,0.6724137931034483,0.8103448275862069,0.8275862068965517,0.8448275862068966,0.8448275862068966,0.8793103448275862,0.9137931034482759,0.9655172413793104,1.0,1.0,1.0,1.0,0.7468239564428312,0.2931034482758621,0.3448275862068966,0.4482758620689655,0.5172413793103449,0.5517241379310345,0.6206896551724138,0.6551724137931034,0.6724137931034483,0.8103448275862069,0.8275862068965517,0.8448275862068966,0.8448275862068966,0.8793103448275862,0.9137931034482759,0.9655172413793104,1.0,1.0,1.0,1,0.7468239564428312,
RandomForest_iter9.csv,0,1.0,0.5769230769230769,0.7317073170731707,0.7346796641342445,0.9744968967462856,0.7317073170731707,0.7575199180349614,0.9019607843137255,0.9411764705882353,0.9803921568627451,0.9803921568627451,0.9803921568627451,0.9803921568627451,0.9803921568627451,0.9803921568627451,0.9803921568627451,0.9803921568627451,0.9803921568627451,0.9803921568627451,0.9803921568627451,0.9803921568627451,1.0,1.0,1.0,1.0,1.0,0.9236326109391124,0.9019607843137255,0.9411764705882353,0.9803921568627451,0.9803921568627451,0.9803921568627451,0.9803921568627451,0.9803921568627451,0.9803921568627451,0.9803921568627451,0.9803921568627451,0.9803921568627451,0.9803921568627451,0.9803921568627451,0.9803921568627451,1.0,1.0,1.0,1.0,1.0,0.9793601651186791,0.9019607843137255,0.9411764705882353,0.9803921568627451,0.9803921568627451,0.9803921568627451,0.9803921568627451,0.9803921568627451,0.9803921568627451,0.9803921568627451,0.9803921568627451,0.9803921568627451,0.9803921568627451,0.9803921568627451,0.9803921568627451,1.0,1.0,1.0,1.0,1,0.9793601651186791,
NaiveBayes_BestFirst_iter1.csv,541,0.0,0.0,0.0,2.966038855109002e-05,0.9536553524804178,0.0,-0.0032134253870158736,0.0,0.0,0.0,0.0,0.0,0.0,0.0,0.0,0.0,0.0,0.0,0.0,0.0,0.0,0.0,0.0,0.0,0.0,1.0,0.3157894736842105,0.0,0.0,0.0,0.0,0.0,0.0,0.0,0.0,0.0,0.0,0.0,0.0,0.0,0.0,0.0,0.0,0.0,0.0,1.0,0.05263157894736842,0.0,0.0,0.0,0.0,0.0,0.0,0.0,0.0,0.0,0.0,0.0,0.0,0.0,0.0,0.0,0.0,0.0,0.0,1,0.05263157894736842,
IBk_SMOTE_iter28.csv,0,0.4857142857142857,0.723404255319149,0.5811965811965812,0.3054160734114589,0.9665915893309887,0.8377055098185592,0.5895483826562103,0.782608695652174,0.8695652173913043,0.8913043478260869,0.9130434782608695,0.9130434782608695,0.9565217391304348,0.9782608695652174,0.9782608695652174,0.9782608695652174,0.9782608695652174,0.9782608695652174,1.0,1.0,1.0,1.0,1.0,1.0,1.0,1.0,0.9702517162471396,0.782608695652174,0.8695652173913043,0.8913043478260869,0.9130434782608695,0.9130434782608695,0.9565217391304348,0.9782608695652174,0.9782608695652174,0.9782608695652174,0.9782608695652174,0.9782608695652174,1.0,1.0,1.0,1.0,1.0,1.0,1.0,1.0,0.9588100686498857,0.782608695652174,0.8695652173913043,0.8913043478260869,0.9130434782608695,0.9130434782608695,0.9565217391304348,0.9782608695652174,0.9782608695652174,0.9782608695652174,0.9782608695652174,0.9782608695652174,1.0,1.0,1.0,1.0,1.0,1.0,1.0,1,0.9588100686498857,
RandomForest_SMOTE_iter4.csv,0,0.16901408450704225,0.7058823529411765,0.2727272727272727,0.16912696109322722,0.9753285597752197,0.8212927756653993,0.3393427670757322,0.7058823529411765,0.7058823529411765,0.7647058823529411,0.7647058823529411,0.8235294117647058,0.8823529411764706,0.9411764705882353,0.9411764705882353,0.9411764705882353,0.9411764705882353,0.9411764705882353,0.9411764705882353,0.9411764705882353,0.9411764705882353,1.0,1.0,1.0,1.0,1.0,0.9009287925696594,0.7058823529411765,0.7058823529411765,0.7647058823529411,0.7647058823529411,0.8235294117647058,0.8823529411764706,0.9411764705882353,0.9411764705882353,0.9411764705882353,0.9411764705882353,0.9411764705882353,0.9411764705882353,0.9411764705882353,0.9411764705882353,1.0,1.0,1.0,1.0,1.0,0.9040247678018577,0.7058823529411765,0.7058823529411765,0.7647058823529411,0.7647058823529411,0.8235294117647058,0.8823529411764706,0.9411764705882353,0.9411764705882353,0.9411764705882353,0.9411764705882353,0.9411764705882353,0.9411764705882353,0.9411764705882353,0.9411764705882353,1.0,1.0,1.0,1.0,1,0.9040247678018577,
IBk_SMOTE_iter14.csv,0,0.147239263803681,0.21052631578947367,0.17328519855595667,0.09636228204562564,0.7146537862578024,0.3457459395503925,0.14897876428905388,0.19469026548672566,0.3008849557522124,0.40707964601769914,0.48672566371681414,0.5398230088495575,0.5929203539823009,0.6902654867256637,0.7433628318584071,0.7522123893805309,0.7787610619469026,0.8053097345132744,0.8495575221238938,0.8938053097345132,0.911504424778761,0.9646017699115044,0.9734513274336283,1.0,1.0,1.0,0.6948307843154325,0.19469026548672566,0.3008849557522124,0.40707964601769914,0.48672566371681414,0.5398230088495575,0.5929203539823009,0.6902654867256637,0.7433628318584071,0.7522123893805309,0.7787610619469026,0.8053097345132744,0.8495575221238938,0.8938053097345132,0.911504424778761,0.9646017699115044,0.9734513274336283,1.0,1.0,1.0,0.7313617349137461,0.20560747663551393,0.3008849557522124,0.4070796460176991,0.48672566371681414,0.5398230088495575,0.5929203539823009,0.6902654867256637,0.7433628318584071,0.7522123893805309,0.7787610619469026,0.8053097345132744,0.8495575221238938,0.8938053097345132,0.911504424778761,0.9646017699115044,0.9734513274336283,1.0,1.0,1,0.7307871448532837,
IBk_CostSensitive_iter12.csv,0,0.375,0.6111111111111112,0.4647887323943662,0.4101728092778888,0.8974678123076097,0.7547764031862233,0.47026419448525575,0.7169811320754716,0.7735849056603774,0.7735849056603774,0.8113207547169812,0.8301886792452831,0.8679245283018868,0.8867924528301887,0.9245283018867925,0.9433962264150944,0.9433962264150944,0.9433962264150944,0.9811320754716981,0.9811320754716981,0.9811320754716981,1.0,1.0,1.0,1.0,1.0,0.8848063555114201,0.7169811320754716,0.7735849056603774,0.7735849056603774,0.8113207547169812,0.8301886792452831,0.8679245283018868,0.8867924528301887,0.9245283018867925,0.9433962264150944,0.9433962264150944,0.9433962264150944,0.9811320754716981,0.9811320754716981,0.9811320754716981,1.0,1.0,1.0,1.0,1.0,0.9136047666335652,0.7169811320754716,0.7735849056603774,0.7735849056603774,0.8113207547169812,0.8301886792452831,0.8679245283018868,0.8867924528301887,0.9245283018867925,0.9433962264150944,0.9433962264150944,0.9433962264150944,0.9811320754716981,0.9811320754716981,0.9811320754716981,1.0,1.0,1.0,1.0,1,0.9136047666335652,
NaiveBayes_BestFirst_iter22.csv,28,0.014150943396226415,0.75,0.027777777777777776,0.013943010309951275,0.9747343092039298,0.8413699997065125,0.09935788334191138,0.0,0.5,0.5,0.5,0.5,0.75,0.75,0.75,0.75,0.75,0.75,1.0,1.0,1.0,1.0,1.0,1.0,1.0,1.0,0.75,0.0,0.5,0.5,0.5,0.5,0.75,0.75,0.75,0.75,0.75,0.75,1.0,1.0,1.0,1.0,1.0,1.0,1.0,1.0,0.7631578947368421,0.0,0.5,0.5,0.5,0.5,0.75,0.75,0.75,0.75,0.75,0.75,1.0,1.0,1.0,1.0,1.0,1.0,1.0,1,0.7631578947368421,
NaiveBayes_BestFirst_iter20.csv,11,0.046357615894039736,0.1891891891891892,0.07446808510638298,0.04302695405277754,0.9516109747835054,0.31660607251645867,0.07959571117833548,0.02702702702702703,0.13513513513513514,0.16216216216216217,0.16216216216216217,0.1891891891891892,0.21621621621621623,0.32432432432432434,0.40540540540540543,0.5135135135135135,0.5405405405405406,0.5405405405405406,0.5405405405405406,0.6216216216216216,0.7297297297297297,0.8378378378378378,0.918918918918919,0.9459459459459459,0.972972972972973,1.0,0.4907539118065434,0.02702702702702703,0.13513513513513514,0.16216216216216217,0.16216216216216217,0.1891891891891892,0.21621621621621623,0.32432432432432434,0.40540540540540543,0.5135135135135135,0.5405405405405406,0.5405405405405406,0.5405405405405406,0.6216216216216216,0.7297297297297297,0.8378378378378378,0.918918918918919,0.9459459459459459,0.972972972972973,1.0,0.5149359886201992,0.027027027027026973,0.1351351351351351,0.16216216216216217,0.16216216216216217,0.18918918918918926,0.21621621621621623,0.32432432432432434,0.4054054054054055,0.5135135135135135,0.5405405405405406,0.5405405405405406,0.5405405405405406,0.6216216216216216,0.7297297297297297,0.8378378378378378,0.918918918918919,0.9459459459459459,0.972972972972973,1,0.5149359886201992,
IBk_CostSensitive_iter10.csv,0,0.4024390243902439,0.673469387755102,0.5038167938931297,0.4237717358524831,0.9441157786071629,0.8009904923487752,0.5134586648037592,0.8333333333333334,0.8958333333333334,0.9166666666666666,0.9166666666666666,0.9375,0.9375,0.9375,0.9375,0.9375,0.9375,0.9375,0.9583333333333334,0.9583333333333334,0.9583333333333334,0.9583333333333334,0.9791666666666666,1.0,1.0,1.0,0.9561403508771931,0.8333333333333334,0.8958333333333334,0.9166666666666666,0.9166666666666666,0.9375,0.9375,0.9375,0.9375,0.9375,0.9375,0.9375,0.9583333333333334,0.9583333333333334,0.9583333333333334,0.9583333333333334,0.9791666666666666,1.0,1.0,1.0,0.944078947368421,0.8333333333333334,0.8958333333333334,0.9166666666666666,0.9166666666666666,0.9375,0.9375,0.9375,0.9375,0.9375,0.9375,0.9375,0.9583333333333334,0.9583333333333334,0.9583333333333334,0.9583333333333334,0.9791666666666666,1.0,1.0,1,0.944078947368421,
IBk_SMOTE_iter16.csv,0,0.07377049180327869,0.42857142857142855,0.1258741258741259,0.060932958425576486,0.7881574271499641,0.595167383401839,0.16887603505308374,0.42857142857142855,0.5238095238095238,0.6666666666666666,0.6666666666666666,0.6666666666666666,0.7142857142857143,0.7619047619047619,0.8095238095238095,0.9047619047619048,0.9047619047619048,0.9523809523809523,0.9523809523809523,0.9523809523809523,0.9523809523809523,0.9523809523809523,0.9523809523809523,1.0,1.0,1.0,0.8471177944862155,0.42857142857142855,0.5238095238095238,0.6666666666666666,0.6666666666666666,0.6666666666666666,0.7142857142857143,0.7619047619047619,0.8095238095238095,0.9047619047619048,0.9047619047619048,0.9523809523809523,0.9523809523809523,0.9523809523809523,0.9523809523809523,0.9523809523809523,0.9523809523809523,1.0,1.0,1.0,0.8295739348370927,0.4285714285714286,0.5238095238095238,0.6666666666666666,0.6666666666666666,0.6666666666666666,0.7142857142857143,0.7619047619047619,0.8095238095238095,0.9047619047619048,0.9047619047619048,0.9523809523809523,0.9523809523809523,0.9523809523809523,0.9523809523809523,0.9523809523809523,0.9523809523809523,1.0,1.0,1,0.8295739348370927,
NaiveBayes_BestFirst_iter3.csv,0,0.02564102564102564,0.2,0.045454545454545456,0.02644416808492982,0.9566265060240966,0.33192951346558797,0.06345689498197515,0.2,0.2,0.2,0.2,0.2,0.2,0.2,0.7,0.8,0.8,0.8,0.8,0.8,0.8,0.8,0.8,0.9,0.9,1.0,0.5631578947368421,0.2,0.2,0.2,0.2,0.2,0.2,0.2,0.7,0.8,0.8,0.8,0.8,0.8,0.8,0.8,0.8,0.9,0.9,1.0,0.5947368421052631,0.19999999999999996,0.19999999999999996,0.19999999999999996,0.19999999999999996,0.19999999999999996,0.19999999999999996,0.19999999999999996,0.7,0.8,0.8,0.8,0.8,0.8,0.8,0.8,0.8,0.9,0.9,1,0.5947368421052631,
RandomForest_SMOTE_iter6.csv,0,0.17117117117117117,0.4318181818181818,0.24516129032258063,0.16677895223025918,0.8936051414116088,0.5989104542200688,0.25954095163468566,0.5681818181818182,0.6590909090909091,0.7045454545454546,0.7954545454545454,0.8409090909090909,0.9090909090909091,0.9318181818181818,0.9318181818181818,0.9318181818181818,0.9318181818181818,0.9545454545454546,0.9545454545454546,0.9545454545454546,0.9772727272727273,1.0,1.0,1.0,1.0,1.0,0.8409090909090909,0.5681818181818182,0.6590909090909091,0.7045454545454546,0.7954545454545454,0.8409090909090909,0.9090909090909091,0.9318181818181818,0.9318181818181818,0.9318181818181818,0.9318181818181818,0.9545454545454546,0.9545454545454546,0.9545454545454546,0.9772727272727273,1.0,1.0,1.0,1.0,1.0,0.8971291866028709,0.5681818181818182,0.6590909090909091,0.7045454545454546,0.7954545454545454,0.8409090909090909,0.9090909090909091,0.9318181818181818,0.9318181818181818,0.9318181818181818,0.9318181818181818,0.9545454545454546,0.9545454545454546,0.9545454545454546,0.9772727272727273,1.0,1.0,1.0,1.0,1,0.8971291866028709,
IBk_iter11.csv,0,0.96,0.4897959183673469,0.6486486486486487,0.701230758893375,0.9715236082305831,0.6574818064001595,0.6833886092903484,0.8125,0.8333333333333334,0.8541666666666666,0.8541666666666666,0.8541666666666666,0.8541666666666666,0.8541666666666666,0.875,0.875,0.875,0.9166666666666666,0.9375,0.9583333333333334,0.9583333333333334,0.9583333333333334,0.9791666666666666,0.9791666666666666,0.9791666666666666,1.0,0.8969298245614034,0.8125,0.8333333333333334,0.8541666666666666,0.8541666666666666,0.8541666666666666,0.8541666666666666,0.8541666666666666,0.875,0.875,0.875,0.9166666666666666,0.9375,0.9583333333333334,0.9583333333333334,0.9583333333333334,0.9791666666666666,0.9791666666666666,0.9791666666666666,1.0,0.905701754385965,0.8125,0.8333333333333334,0.8541666666666666,0.8541666666666666,0.8541666666666666,0.8541666666666666,0.8541666666666666,0.875,0.875,0.875,0.9166666666666666,0.9375,0.9583333333333334,0.9583333333333334,0.9583333333333334,0.9791666666666666,0.9791666666666666,0.9791666666666666,1,0.905701754385965,
RandomForest_BestFirst_iter11.csv,0,1.0,0.24489795918367346,0.39344262295081966,0.7792421813439122,0.9438342399778246,0.39344262295081966,0.4926659925545706,0.6875,0.7708333333333334,0.8333333333333334,0.8541666666666666,0.8541666666666666,0.875,0.875,0.8958333333333334,0.8958333333333334,0.9166666666666666,0.9166666666666666,0.9166666666666666,0.9375,0.9375,0.9375,0.9583333333333334,0.9791666666666666,0.9791666666666666,1.0,0.8453947368421053,0.6875,0.7708333333333334,0.8333333333333334,0.8541666666666666,0.8541666666666666,0.875,0.875,0.8958333333333334,0.8958333333333334,0.9166666666666666,0.9166666666666666,0.9166666666666666,0.9375,0.9375,0.9375,0.9583333333333334,0.9791666666666666,0.9791666666666666,1.0,0.8958333333333333,0.6875,0.7708333333333334,0.8333333333333334,0.8541666666666666,0.8541666666666666,0.875,0.875,0.8958333333333334,0.8958333333333334,0.9166666666666666,0.9166666666666666,0.9166666666666666,0.9375,0.9375,0.9375,0.9583333333333334,0.9791666666666666,0.9791666666666666,1,0.8958333333333333,
NaiveBayes_iter7.csv,20,0.03614457831325301,0.21428571428571427,0.061855670103092786,0.035224759488738204,0.9292316681273733,0.3490859440188121,0.0655041230285207,0.17073170731707318,0.1951219512195122,0.1951219512195122,0.1951219512195122,0.21951219512195122,0.24390243902439024,0.24390243902439024,0.2682926829268293,0.2926829268292683,0.36585365853658536,0.43902439024390244,0.5365853658536586,0.5365853658536586,0.5853658536585366,0.7317073170731707,0.7804878048780488,0.8780487804878049,0.9512195121951219,1.0,0.39409499358151473,0.17073170731707318,0.1951219512195122,0.1951219512195122,0.1951219512195122,0.21951219512195122,0.24390243902439024,0.24390243902439024,0.2682926829268293,0.2926829268292683,0.36585365853658536,0.43902439024390244,0.5365853658536586,0.5365853658536586,0.5853658536585366,0.7317073170731707,0.7804878048780488,0.8780487804878049,0.9512195121951219,1.0,0.4646983311938382,0.1707317073170732,0.19512195121951215,0.19512195121951215,0.19512195121951215,0.2195121951219512,0.24390243902439024,0.24390243902439024,0.2682926829268293,0.29268292682926833,0.36585365853658536,0.4390243902439024,0.5365853658536586,0.5365853658536586,0.5853658536585366,0.7317073170731707,0.7804878048780488,0.8780487804878049,0.9512195121951219,1,0.4646983311938382,
NaiveBayes_iter19.csv,51,0.02564102564102564,0.3684210526315789,0.04794520547945205,0.022908271617151074,0.9399561591828426,0.5298223240905096,0.08446399297337302,0.10526315789473684,0.15789473684210525,0.2631578947368421,0.2631578947368421,0.3684210526315789,0.3684210526315789,0.3684210526315789,0.42105263157894735,0.42105263157894735,0.47368421052631576,0.47368421052631576,0.5789473684210527,0.7368421052631579,0.7368421052631579,0.7894736842105263,0.8421052631578947,0.8947368421052632,0.9473684210526315,1.0,0.47091412742382266,0.10526315789473684,0.15789473684210525,0.2631578947368421,0.2631578947368421,0.3684210526315789,0.3684210526315789,0.3684210526315789,0.42105263157894735,0.42105263157894735,0.47368421052631576,0.47368421052631576,0.5789473684210527,0.7368421052631579,0.7368421052631579,0.7894736842105263,0.8421052631578947,0.8947368421052632,0.9473684210526315,1.0,0.5373961218836566,0.10526315789473684,0.1578947368421053,0.26315789473684204,0.26315789473684204,0.368421052631579,0.368421052631579,0.368421052631579,0.42105263157894735,0.42105263157894735,0.4736842105263157,0.4736842105263157,0.5789473684210527,0.7368421052631579,0.7368421052631579,0.7894736842105263,0.8421052631578947,0.8947368421052632,0.9473684210526315,1,0.5373961218836566,
RandomForest_BestFirst_iter6.csv,1,0.3333333333333333,0.1590909090909091,0.2153846153846154,0.21386575852265344,0.9169762300872853,0.27437716629770786,0.22455644505830627,0.38636363636363635,0.4318181818181818,0.4318181818181818,0.4318181818181818,0.4772727272727273,0.5681818181818182,0.5681818181818182,0.6363636363636364,0.6590909090909091,0.7045454545454546,0.75,0.8409090909090909,0.9090909090909091,0.9545454545454546,0.9545454545454546,0.9545454545454546,0.9772727272727273,1.0,1.0,0.6782296650717703,0.38636363636363635,0.4318181818181818,0.4318181818181818,0.4318181818181818,0.4772727272727273,0.5681818181818182,0.5681818181818182,0.6363636363636364,0.6590909090909091,0.7045454545454546,0.75,0.8409090909090909,0.9090909090909091,0.9545454545454546,0.9545454545454546,0.9545454545454546,0.9772727272727273,1.0,1.0,0.7177033492822966,0.38636363636363635,0.4318181818181819,0.4318181818181819,0.4318181818181819,0.4772727272727273,0.5681818181818182,0.5681818181818182,0.6363636363636364,0.6590909090909091,0.7045454545454546,0.75,0.8409090909090909,0.9090909090909091,0.9545454545454546,0.9545454545454546,0.9545454545454546,0.9772727272727273,1.0,1,0.7177033492822966,
NaiveBayes_iter25.csv,12,0.0299625468164794,0.42105263157894735,0.055944055944055944,0.030236009400352534,0.948675496688743,0.5828122635272377,0.10063812019354793,0.15789473684210525,0.21052631578947367,0.21052631578947367,0.21052631578947367,0.2631578947368421,0.3684210526315789,0.3684210526315789,0.42105263157894735,0.47368421052631576,0.5263157894736842,0.5263157894736842,0.5789473684210527,0.6842105263157895,0.7894736842105263,0.8947368421052632,0.9473684210526315,0.9473684210526315,1.0,1.0,0.5623268698060941,0.15789473684210525,0.21052631578947367,0.21052631578947367,0.21052631578947367,0.2631578947368421,0.3684210526315789,0.3684210526315789,0.42105263157894735,0.47368421052631576,0.5263157894736842,0.5263157894736842,0.5789473684210527,0.6842105263157895,0.7894736842105263,0.8947368421052632,0.9473684210526315,0.9473684210526315,1.0,1.0,0.556786703601108,0.1578947368421053,0.21052631578947367,0.21052631578947367,0.21052631578947367,0.26315789473684204,0.368421052631579,0.368421052631579,0.42105263157894735,0.4736842105263157,0.5263157894736842,0.5263157894736842,0.5789473684210527,0.6842105263157895,0.7894736842105263,0.8947368421052632,0.9473684210526315,0.9473684210526315,1.0,1,0.556786703601108,
IBk_SMOTE_iter4.csv,61,0.07741935483870968,0.7058823529411765,0.13953488372093023,0.06479122311596579,0.9754917066980876,0.8120950323974082,0.2239915580229107,0.7058823529411765,0.7058823529411765,0.7647058823529411,0.7647058823529411,0.7647058823529411,0.7647058823529411,0.7647058823529411,0.7647058823529411,0.8235294117647058,0.8823529411764706,0.8823529411764706,0.9411764705882353,0.9411764705882353,0.9411764705882353,1.0,1.0,1.0,1.0,1.0,0.8606811145510835,0.7058823529411765,0.7058823529411765,0.7647058823529411,0.7647058823529411,0.7647058823529411,0.7647058823529411,0.7647058823529411,0.7647058823529411,0.8235294117647058,0.8823529411764706,0.8823529411764706,0.9411764705882353,0.9411764705882353,0.9411764705882353,1.0,1.0,1.0,1.0,1.0,0.8637770897832818,0.7058823529411765,0.7058823529411765,0.7647058823529411,0.7647058823529411,0.7647058823529411,0.7647058823529411,0.7647058823529411,0.7647058823529411,0.8235294117647058,0.8823529411764706,0.8823529411764706,0.9411764705882353,0.9411764705882353,0.9411764705882353,1.0,1.0,1.0,1.0,1,0.8637770897832818,
NaiveBayes_SMOTE_iter1.csv,481,0.0,0.0,0.0,2.966038855109002e-05,0.8818537859007833,0.0,-0.004974349210753184,0.0,0.0,0.0,0.0,0.0,0.0,0.0,0.0,0.0,0.0,0.0,0.0,1.0,1.0,1.0,1.0,1.0,1.0,1.0,0.3684210526315789,0.0,0.0,0.0,0.0,0.0,0.0,0.0,0.0,0.0,0.0,0.0,0.0,1.0,1.0,1.0,1.0,1.0,1.0,1.0,0.3684210526315789,0.0,0.0,0.0,0.0,0.0,0.0,0.0,0.0,0.0,0.0,0.0,0.0,1.0,1.0,1.0,1.0,1.0,1.0,1,0.3684210526315789,
IBk_SMOTE_iter5.csv,9,0.2,0.14285714285714285,0.16666666666666666,0.1692002622708785,0.9798245895846049,0.24941013185287994,0.14638163646967509,0.17796610169491525,0.288135593220339,0.3135593220338983,0.3389830508474576,0.3728813559322034,0.4406779661016949,0.4915254237288136,0.5423728813559322,0.6016949152542372,0.7203389830508474,0.7627118644067796,0.788135593220339,0.8389830508474576,0.864406779661017,0.8983050847457628,0.9491525423728814,0.9491525423728814,0.9491525423728814,1.0,0.5172486906455976,0.17796610169491525,0.288135593220339,0.3135593220338983,0.3389830508474576,0.3728813559322034,0.4406779661016949,0.4915254237288136,0.5423728813559322,0.6016949152542372,0.7203389830508474,0.7627118644067796,0.788135593220339,0.8389830508474576,0.864406779661017,0.8983050847457628,0.9491525423728814,0.9491525423728814,0.9491525423728814,1.0,0.6015628584027098,0.19811320754716977,0.29565217391304355,0.31355932203389836,0.3389830508474576,0.3728813559322034,0.44067796610169485,0.4915254237288136,0.5423728813559322,0.6016949152542372,0.7203389830508474,0.7627118644067796,0.788135593220339,0.8389830508474576,0.864406779661017,0.8983050847457628,0.888888888888889,0.7391304347826089,0.3333333333333338,1,0.6467439785905441,
NaiveBayes_iter24.csv,5,0.031914893617021274,0.3157894736842105,0.057971014492753624,0.02945896127460634,0.9693910001590079,0.47639732768812026,0.09199416793788262,0.15789473684210525,0.2631578947368421,0.3157894736842105,0.3157894736842105,0.3157894736842105,0.3157894736842105,0.3157894736842105,0.42105263157894735,0.47368421052631576,0.47368421052631576,0.5263157894736842,0.5263157894736842,0.5789473684210527,0.6842105263157895,0.7368421052631579,0.9473684210526315,1.0,1.0,1.0,0.5567867036011079,0.15789473684210525,0.2631578947368421,0.3157894736842105,0.3157894736842105,0.3157894736842105,0.3157894736842105,0.3157894736842105,0.42105263157894735,0.47368421052631576,0.47368421052631576,0.5263157894736842,0.5263157894736842,0.5789473684210527,0.6842105263157895,0.7368421052631579,0.9473684210526315,1.0,1.0,1.0,0.5457063711911357,0.1578947368421053,0.26315789473684204,0.3157894736842105,0.3157894736842105,0.3157894736842105,0.3157894736842105,0.3157894736842105,0.42105263157894735,0.4736842105263157,0.4736842105263157,0.5263157894736842,0.5263157894736842,0.5789473684210527,0.6842105263157895,0.7368421052631579,0.9473684210526315,1.0,1.0,1,0.5457063711911357,
RandomForest_BestFirst_iter7.csv,0,0.5714285714285714,0.09523809523809523,0.16326530612244897,0.4526784348327278,0.8977972538708732,0.17390190258589397,0.23049369820444562,0.3902439024390244,0.5365853658536586,0.6585365853658537,0.6585365853658537,0.7073170731707317,0.7317073170731707,0.7804878048780488,0.7804878048780488,0.8292682926829268,0.8536585365853658,0.9024390243902439,0.926829268292683,0.926829268292683,0.9512195121951219,0.9512195121951219,0.975609756097561,0.975609756097561,0.975609756097561,1.0,0.6777920410783056,0.3902439024390244,0.5365853658536586,0.6585365853658537,0.6585365853658537,0.7073170731707317,0.7317073170731707,0.7804878048780488,0.7804878048780488,0.8292682926829268,0.8536585365853658,0.9024390243902439,0.926829268292683,0.926829268292683,0.9512195121951219,0.9512195121951219,0.975609756097561,0.975609756097561,0.975609756097561,1.0,0.8164313222079591,0.3902439024390244,0.5365853658536586,0.6585365853658537,0.6585365853658537,0.7073170731707317,0.7317073170731707,0.7804878048780488,0.7804878048780488,0.8292682926829268,0.8536585365853658,0.9024390243902439,0.926829268292683,0.926829268292683,0.9512195121951219,0.9512195121951219,0.975609756097561,0.975609756097561,0.975609756097561,1,0.8164313222079591,
NaiveBayes_iter18.csv,20,0.025547445255474453,0.5,0.04861111111111111,0.024565838901763268,0.9504382693024992,0.6532367587143504,0.10284046059407334,0.21428571428571427,0.2857142857142857,0.2857142857142857,0.42857142857142855,0.5714285714285714,0.5714285714285714,0.5714285714285714,0.5714285714285714,0.5714285714285714,0.7142857142857143,0.7142857142857143,0.7142857142857143,0.8571428571428571,0.8571428571428571,0.8571428571428571,0.8571428571428571,0.9285714285714286,0.9285714285714286,1.0,0.593984962406015,0.21428571428571427,0.2857142857142857,0.2857142857142857,0.42857142857142855,0.5714285714285714,0.5714285714285714,0.5714285714285714,0.5714285714285714,0.5714285714285714,0.7142857142857143,0.7142857142857143,0.7142857142857143,0.8571428571428571,0.8571428571428571,0.8571428571428571,0.8571428571428571,0.9285714285714286,0.9285714285714286,1.0,0.6578947368421053,0.2142857142857143,0.2857142857142857,0.2857142857142857,0.4285714285714286,0.5714285714285714,0.5714285714285714,0.5714285714285714,0.5714285714285714,0.5714285714285714,0.7142857142857143,0.7142857142857143,0.7142857142857143,0.8571428571428571,0.8571428571428571,0.8571428571428571,0.8571428571428571,0.9285714285714286,0.9285714285714286,1,0.6578947368421053,
NaiveBayes_iter6.csv,19,0.05329153605015674,0.38636363636363635,0.09366391184573003,0.05375713210134385,0.9252717700950341,0.5449376415508539,0.11956966889437627,0.20454545454545456,0.22727272727272727,0.29545454545454547,0.29545454545454547,0.3181818181818182,0.3409090909090909,0.45454545454545453,0.4772727272727273,0.5454545454545454,0.6136363636363636,0.6363636363636364,0.6363636363636364,0.6363636363636364,0.6590909090909091,0.7727272727272727,0.7954545454545454,0.8409090909090909,0.8636363636363636,1.0,0.5299043062200957,0.20454545454545456,0.22727272727272727,0.29545454545454547,0.29545454545454547,0.3181818181818182,0.3409090909090909,0.45454545454545453,0.4772727272727273,0.5454545454545454,0.6136363636363636,0.6363636363636364,0.6363636363636364,0.6363636363636364,0.6590909090909091,0.7727272727272727,0.7954545454545454,0.8409090909090909,0.8636363636363636,1.0,0.5586124401913877,0.20454545454545459,0.2272727272727273,0.2954545454545454,0.2954545454545454,0.3181818181818181,0.34090909090909083,0.4545454545454546,0.4772727272727273,0.5454545454545454,0.6136363636363636,0.6363636363636364,0.6363636363636364,0.6363636363636364,0.6590909090909091,0.7727272727272727,0.7954545454545454,0.8409090909090909,0.8636363636363636,1,0.5586124401913877,
RandomForest_BestFirst_iter10.csv,0,0.9090909090909091,0.20408163265306123,0.3333333333333333,0.6908566403489992,0.8964950766298737,0.33896907556512024,0.4282430202117137,0.6666666666666666,0.7083333333333334,0.7708333333333334,0.8333333333333334,0.8541666666666666,0.8541666666666666,0.875,0.875,0.9375,0.9375,0.9375,0.9583333333333334,0.9791666666666666,0.9791666666666666,0.9791666666666666,0.9791666666666666,0.9791666666666666,1.0,1.0,0.7708333333333333,0.6666666666666666,0.7083333333333334,0.7708333333333334,0.8333333333333334,0.8541666666666666,0.8541666666666666,0.875,0.875,0.9375,0.9375,0.9375,0.9583333333333334,0.9791666666666666,0.9791666666666666,0.9791666666666666,0.9791666666666666,0.9791666666666666,1.0,1.0,0.9002192982456139,0.6666666666666666,0.7083333333333334,0.7708333333333334,0.8333333333333334,0.8541666666666666,0.8541666666666666,0.875,0.875,0.9375,0.9375,0.9375,0.9583333333333334,0.9791666666666666,0.9791666666666666,0.9791666666666666,0.9791666666666666,0.9791666666666666,1.0,1,0.9002192982456139,
IBk_iter10.csv,0,0.8666666666666667,0.5306122448979592,0.6582278481012658,0.6569721640860542,0.9772294131660447,0.6930993757381475,0.6753310540041034,0.875,0.8958333333333334,0.9166666666666666,0.9166666666666666,0.9375,0.9375,0.9375,0.9375,0.9375,0.9375,0.9375,0.9583333333333334,0.9583333333333334,0.9583333333333334,0.9583333333333334,0.9791666666666666,1.0,1.0,1.0,0.9561403508771931,0.875,0.8958333333333334,0.9166666666666666,0.9166666666666666,0.9375,0.9375,0.9375,0.9375,0.9375,0.9375,0.9375,0.9583333333333334,0.9583333333333334,0.9583333333333334,0.9583333333333334,0.9791666666666666,1.0,1.0,1.0,0.9462719298245614,0.875,0.8958333333333334,0.9166666666666666,0.9166666666666666,0.9375,0.9375,0.9375,0.9375,0.9375,0.9375,0.9375,0.9583333333333334,0.9583333333333334,0.9583333333333334,0.9583333333333334,0.9791666666666666,1.0,1.0,1,0.9462719298245614,
RandomForest_SMOTE_iter7.csv,0,0.18181818181818182,0.38095238095238093,0.24615384615384617,0.22874792075207387,0.84683026584867,0.5490001114320736,0.25240290985517705,0.5365853658536586,0.5365853658536586,0.5365853658536586,0.5609756097560976,0.5609756097560976,0.5853658536585366,0.6341463414634146,0.6585365853658537,0.6585365853658537,0.7317073170731707,0.8292682926829268,0.8780487804878049,0.926829268292683,0.9512195121951219,0.9512195121951219,0.9512195121951219,0.9512195121951219,0.975609756097561,1.0,0.7368421052631579,0.5365853658536586,0.5365853658536586,0.5365853658536586,0.5609756097560976,0.5609756097560976,0.5853658536585366,0.6341463414634146,0.6585365853658537,0.6585365853658537,0.7317073170731707,0.8292682926829268,0.8780487804878049,0.926829268292683,0.9512195121951219,0.9512195121951219,0.9512195121951219,0.9512195121951219,0.975609756097561,1.0,0.7586649550706033,0.5365853658536586,0.5365853658536586,0.5365853658536586,0.5609756097560976,0.5609756097560976,0.5853658536585366,0.6341463414634146,0.6585365853658537,0.6585365853658537,0.7317073170731707,0.8292682926829268,0.8780487804878049,0.926829268292683,0.9512195121951219,0.9512195121951219,0.9512195121951219,0.9512195121951219,0.975609756097561,1,0.7586649550706033,
NaiveBayes_BestFirst_iter2.csv,96,0.0,0.0,0.0,0.005657711554268764,0.9611527189840443,0.0,-0.009727333818946462,0.0,0.0,0.0,0.1,0.1,0.2,0.2,0.2,0.2,0.4,0.5,0.5,0.7,0.7,0.8,0.9,0.9,0.9,1.0,0.35789473684210527,0.0,0.0,0.0,0.1,0.1,0.2,0.2,0.2,0.2,0.4,0.5,0.5,0.7,0.7,0.8,0.9,0.9,0.9,1.0,0.4368421052631579,0.0,0.0,0.0,0.09999999999999998,0.09999999999999998,0.19999999999999996,0.19999999999999996,0.19999999999999996,0.19999999999999996,0.4,0.5,0.5,0.7,0.7,0.8,0.9,0.9,0.9,1,0.4368421052631579,
IBk_SMOTE_iter17.csv,0,0.14457831325301204,0.36363636363636365,0.20689655172413793,0.1707447315625198,0.8529353403067155,0.530942723212172,0.22011093802679424,0.5757575757575758,0.696969696969697,0.696969696969697,0.7272727272727273,0.7272727272727273,0.7272727272727273,0.7878787878787878,0.8181818181818182,0.8484848484848485,0.8787878787878788,0.8787878787878788,0.8787878787878788,0.9090909090909091,0.9393939393939394,0.9696969696969697,0.9696969696969697,1.0,1.0,1.0,0.886762360446571,0.5757575757575758,0.696969696969697,0.696969696969697,0.7272727272727273,0.7272727272727273,0.7272727272727273,0.7878787878787878,0.8181818181818182,0.8484848484848485,0.8787878787878788,0.8787878787878788,0.8787878787878788,0.9090909090909091,0.9393939393939394,0.9696969696969697,0.9696969696969697,1.0,1.0,1.0,0.8437001594896332,0.5757575757575758,0.696969696969697,0.696969696969697,0.7272727272727273,0.7272727272727273,0.7272727272727273,0.7878787878787878,0.8181818181818182,0.8484848484848485,0.8787878787878788,0.8787878787878788,0.8787878787878788,0.9090909090909091,0.9393939393939394,0.9696969696969697,0.9696969696969697,1.0,1.0,1,0.8437001594896332,
IBk_CostSensitive_iter11.csv,0,0.3764705882352941,0.6530612244897959,0.47761194029850745,0.42080219315767775,0.9218668791795158,0.7860794408599555,0.48821712586704635,0.7916666666666666,0.8333333333333334,0.8541666666666666,0.8541666666666666,0.8541666666666666,0.8541666666666666,0.8541666666666666,0.875,0.875,0.875,0.9166666666666666,0.9375,0.9583333333333334,0.9583333333333334,0.9583333333333334,0.9791666666666666,0.9791666666666666,0.9791666666666666,1.0,0.8969298245614034,0.7916666666666666,0.8333333333333334,0.8541666666666666,0.8541666666666666,0.8541666666666666,0.8541666666666666,0.8541666666666666,0.875,0.875,0.875,0.9166666666666666,0.9375,0.9583333333333334,0.9583333333333334,0.9583333333333334,0.9791666666666666,0.9791666666666666,0.9791666666666666,1.0,0.9046052631578947,0.7916666666666666,0.8333333333333334,0.8541666666666666,0.8541666666666666,0.8541666666666666,0.8541666666666666,0.8541666666666666,0.875,0.875,0.875,0.9166666666666666,0.9375,0.9583333333333334,0.9583333333333334,0.9583333333333334,0.9791666666666666,0.9791666666666666,0.9791666666666666,1,0.9046052631578947,
NaiveBayes_BestFirst_iter21.csv,12,0.029069767441860465,0.29411764705882354,0.05291005291005291,0.02638365936293947,0.954100660980023,0.450835296532713,0.08283421479556956,0.11764705882352941,0.17647058823529413,0.23529411764705882,0.29411764705882354,0.29411764705882354,0.29411764705882354,0.35294117647058826,0.5294117647058824,0.5294117647058824,0.5294117647058824,0.5294117647058824,0.5882352941176471,0.6470588235294118,0.7647058823529411,0.8235294117647058,0.8823529411764706,0.8823529411764706,0.9411764705882353,1.0,0.5139318885448917,0.11764705882352941,0.17647058823529413,0.23529411764705882,0.29411764705882354,0.29411764705882354,0.29411764705882354,0.35294117647058826,0.5294117647058824,0.5294117647058824,0.5294117647058824,0.5294117647058824,0.5882352941176471,0.6470588235294118,0.7647058823529411,0.8235294117647058,0.8823529411764706,0.8823529411764706,0.9411764705882353,1.0,0.5479876160990712,0.11764705882352944,0.17647058823529416,0.23529411764705888,0.2941176470588236,0.2941176470588236,0.2941176470588236,0.3529411764705883,0.5294117647058824,0.5294117647058824,0.5294117647058824,0.5294117647058824,0.5882352941176471,0.6470588235294118,0.7647058823529411,0.8235294117647058,0.8823529411764706,0.8823529411764706,0.9411764705882353,1,0.5479876160990712,
